Date,Bike,Car,Lorry,speed_00,speed_10,speed_20,speed_30,speed_40,speed_50,speed_60
2020-06-11 16:00:00+00,0,24,0,12,12,,,,,
2020-06-16 10:00:00+00,63,682,0,210,242,158,53,11,11,
2020-06-16 11:00:00+00,56,747,0,131,230,266,92,11,4,4
2020-06-16 12:00:00+00,45,539,0,171,92,168,68,15,13,8
2020-06-16 14:00:00+00,125,820,0,322,365,102,15,8,5,3
2020-06-16 15:00:00+00,128,746,0,277,313,126,17,7,,
2020-06-16 16:00:00+00,79,769,0,249,344,143,18,3,3,2
2020-06-16 17:00:00+00,40,617,0,85,194,270,60,7,3,
2020-06-16 18:00:00+00,40,315,0,41,124,122,23,3,,2
2020-06-16 19:00:00+00,33,236,0,7,33,125,27,14,7,14
2020-06-17 03:00:00+00,21,135,0,11,42,21,42,21,,
2020-06-17 04:00:00+00,24,276,0,52,79,87,39,11,4,2
2020-06-17 05:00:00+00,78,662,0,85,145,283,118,14,4,6
2020-06-17 06:00:00+00,87,658,0,94,169,250,106,14,14,5
2020-06-17 07:00:00+00,106,791,0,139,280,263,72,15,12,5
2020-06-17 08:00:00+00,64,654,0,250,172,157,34,14,13,6
2020-06-17 09:00:00+00,127,834,0,328,261,148,42,21,16,9
2020-06-17 10:00:00+00,124,868,0,227,291,232,67,16,16,9
2020-06-17 11:00:00+00,74,726,0,124,242,259,74,8,10,2
2020-06-17 12:00:00+00,57,760,0,270,180,219,59,9,5,9
2020-06-17 13:00:00+00,83,920,0,325,333,193,44,14,9,5
2020-06-17 14:00:00+00,123,791,0,346,261,154,19,2,2,3
2020-06-17 15:00:00+00,103,707,0,288,278,120,11,3,,
2020-06-17 16:00:00+00,103,725,0,227,284,163,39,5,,8
2020-06-17 17:00:00+00,52,625,0,109,203,248,49,5,3,5
2020-06-17 18:00:00+00,56,404,0,39,142,178,40,6,,
2020-06-17 19:00:00+00,21,254,0,21,67,129,25,4,4,
2020-06-18 06:00:00+00,100,666,0,115,220,241,73,9,2,4
2020-06-18 07:00:00+00,150,676,0,138,240,228,43,10,2,12
2020-06-18 16:00:00+00,110,686,0,230,322,112,16,2,,2
2020-06-18 17:00:00+00,68,628,0,124,202,256,35,3,3,2
2020-06-18 18:00:00+00,44,465,0,36,162,202,47,6,3,6
2020-06-18 19:00:00+00,42,272,0,18,94,104,47,,8,
2020-06-19 03:00:00+00,20,93,0,,11,21,42,11,,
2020-06-19 04:00:00+00,34,304,0,42,91,91,54,16,4,4
2020-06-19 05:00:00+00,85,634,0,62,153,275,117,19,3,5
2020-06-19 06:00:00+00,116,690,0,143,213,212,83,24,7,2
2020-06-19 07:00:00+00,111,702,0,179,194,245,67,9,2,5
2020-06-19 08:00:00+00,79,665,0,252,126,179,43,27,14,7
2020-06-19 09:00:00+00,68,616,0,309,178,81,25,7,6,9
2020-06-19 10:00:00+00,60,750,0,252,306,148,27,6,6,6
2020-06-19 11:00:00+00,50,757,0,158,254,253,59,15,3,10
2020-06-19 12:00:00+00,50,719,0,220,186,250,47,9,4,
2020-06-19 13:00:00+00,84,602,0,323,156,92,18,13,,
2020-06-19 14:00:00+00,153,657,0,291,255,93,12,3,,2
2020-06-19 15:00:00+00,126,749,0,297,301,125,16,2,,4
2020-06-19 16:00:00+00,148,697,0,217,235,191,35,11,2,3
2020-06-19 17:00:00+00,92,639,0,145,240,212,37,3,,2
2020-06-19 18:00:00+00,63,451,0,50,106,228,56,6,,4
2020-06-19 19:00:00+00,20,312,0,31,116,120,31,,,4
2020-06-20 03:00:00+00,15,77,0,,24,16,31,,,
2020-06-20 04:00:00+00,17,137,0,16,47,39,28,10,2,
2020-06-20 05:00:00+00,33,291,0,31,75,114,54,10,4,2
2020-06-20 06:00:00+00,61,477,0,65,112,204,78,13,3,2
2020-06-20 07:00:00+00,100,597,0,98,167,240,76,13,2,
2020-06-20 08:00:00+00,73,651,0,288,117,169,40,17,12,
2020-06-20 09:00:00+00,88,757,0,234,297,161,28,15,2,15
2020-06-20 10:00:00+00,73,739,0,261,268,156,30,15,2,2
2020-06-20 11:00:00+00,46,732,0,94,247,286,94,7,2,2
2020-06-20 12:00:00+00,43,615,0,172,133,224,49,16,,8
2020-06-20 13:00:00+00,63,556,0,260,153,105,21,6,6,2
2020-06-20 14:00:00+00,129,718,0,266,248,174,26,3,,
2020-06-20 15:00:00+00,101,756,0,211,300,211,23,6,2,2
2020-06-20 16:00:00+00,111,735,0,176,314,222,14,3,2,2
2020-06-20 17:00:00+00,58,671,0,115,202,303,44,6,2,2
2020-06-20 18:00:00+00,61,393,0,39,139,176,32,2,,
2020-06-21 05:00:00+00,14,143,0,9,47,44,29,9,4,3
2020-06-21 06:00:00+00,53,291,0,12,96,119,49,11,3,2
2020-06-21 07:00:00+00,65,377,0,44,87,152,65,19,3,4
2020-06-21 15:00:00+00,63,529,0,77,157,221,68,3,,2
2020-06-21 16:00:00+00,74,538,0,51,165,254,59,3,2,3
2020-06-21 17:00:00+00,72,502,0,48,157,241,48,9,,3
2020-06-21 18:00:00+00,77,321,0,25,104,152,35,2,,
2020-06-21 19:00:00+00,36,272,0,26,120,91,22,4,,
2020-06-22 03:00:00+00,24,174,0,,50,25,50,38,,
2020-06-22 04:00:00+00,38,274,0,43,55,89,56,11,8,7
2020-06-22 05:00:00+00,102,651,0,81,152,244,124,25,9,6
2020-06-22 06:00:00+00,130,645,0,88,224,232,71,17,7,2
2020-06-22 07:00:00+00,93,684,0,93,211,277,73,15,13,2
2020-06-22 08:00:00+00,76,558,0,252,128,118,37,8,6,6
2020-06-22 09:00:00+00,47,618,0,232,218,138,18,,6,6
2020-06-22 10:00:00+00,66,679,0,194,203,249,25,7,2,2
2020-06-22 11:00:00+00,42,714,0,114,235,257,67,15,9,14
2020-06-22 12:00:00+00,43,554,0,135,114,222,61,11,7,3
2020-06-22 13:00:00+00,101,668,0,344,186,120,12,,,
2020-06-22 14:00:00+00,107,815,0,299,270,196,42,5,2,2
2020-06-22 15:00:00+00,127,742,0,260,278,174,21,3,2,
2020-06-22 16:00:00+00,116,689,0,161,292,204,23,3,,
2020-06-22 17:00:00+00,87,553,0,101,184,229,32,6,3,
2020-06-22 18:00:00+00,69,328,0,20,97,163,30,7,3,6
2020-06-22 19:00:00+00,33,165,0,14,44,87,10,7,,
2020-06-23 03:00:00+00,23,136,23,,34,57,34,12,,
2020-06-23 04:00:00+00,31,219,52,18,52,80,46,10,6,5
2020-06-23 05:00:00+00,124,615,70,51,139,237,140,23,6,7
2020-06-23 06:00:00+00,127,657,44,91,232,229,73,18,6,3
2020-06-23 07:00:00+00,146,635,43,129,239,189,53,13,2,3
2020-06-23 08:00:00+00,61,401,70,177,100,83,27,6,2,3
2020-06-23 09:00:00+00,81,384,46,204,133,39,4,,2,
2020-06-23 11:00:00+00,59,600,76,77,203,223,72,8,3,6
2020-06-23 12:00:00+00,57,493,45,131,123,172,43,8,8,2
2020-06-23 13:00:00+00,69,447,37,224,124,60,14,10,3,5
2020-06-23 14:00:00+00,111,652,118,210,275,142,22,2,3,
2020-06-23 15:00:00+00,136,562,199,182,243,120,12,5,2,
2020-06-23 16:00:00+00,140,564,156,137,245,145,23,5,6,5
2020-06-18 03:00:00+00,25,125,0,,50,,50,25,,
2020-06-18 04:00:00+00,29,295,0,56,78,87,46,18,2,
2020-06-18 05:00:00+00,95,624,0,78,105,265,133,22,9,5
2020-06-18 08:00:00+00,86,464,0,215,98,109,29,9,,2
2020-06-18 09:00:00+00,103,560,0,285,202,45,13,5,6,3
2020-06-18 10:00:00+00,84,706,0,253,251,164,26,10,3,
2020-06-18 11:00:00+00,71,770,0,122,340,235,49,11,9,3
2020-06-18 12:00:00+00,68,752,0,202,299,177,56,11,6,
2020-06-18 13:00:00+00,62,803,0,226,310,208,42,7,,7
2020-06-18 14:00:00+00,105,742,0,238,328,150,12,5,2,2
2020-06-18 15:00:00+00,132,724,0,225,319,154,24,,3,2
2020-06-20 19:00:00+00,39,231,0,24,93,77,27,4,8,
2020-06-21 03:00:00+00,0,42,0,9,25,9,,,,
2020-06-21 04:00:00+00,10,92,0,7,34,24,17,6,3,
2020-06-21 08:00:00+00,49,528,0,148,112,164,58,11,11,6
2020-06-21 09:00:00+00,91,766,0,159,305,219,29,10,15,10
2020-06-21 10:00:00+00,50,654,0,109,243,242,42,11,4,
2020-06-21 11:00:00+00,31,348,0,15,75,151,77,18,5,4
2020-06-21 12:00:00+00,50,356,0,47,66,171,57,9,4,2
2020-06-21 13:00:00+00,26,347,0,92,107,86,48,9,3,2
2020-06-21 14:00:00+00,31,442,0,114,122,137,52,9,10,2
2020-06-23 10:00:00+00,86,621,84,122,237,210,37,6,5,2
2020-06-23 17:00:00+00,104,574,97,77,218,227,44,8,,2
2020-06-23 18:00:00+00,51,349,38,19,103,170,37,7,4,3
2020-06-23 19:00:00+00,31,208,6,18,72,89,18,11,,
2020-06-24 03:00:00+00,60,300,60,,180,120,,,,
2020-06-24 04:00:00+00,41,225,58,18,56,85,47,6,5,5
2020-06-24 05:00:00+00,111,594,64,62,142,219,129,15,7,6
2020-06-24 06:00:00+00,118,688,68,86,173,287,108,23,7,5
2020-06-24 07:00:00+00,105,642,65,102,232,231,60,2,3,2
2020-06-24 08:00:00+00,68,428,42,175,76,126,33,10,2,2
2020-06-24 09:00:00+00,45,576,88,266,200,88,11,4,3,3
2020-06-24 10:00:00+00,67,622,86,128,277,161,39,6,6,
2020-06-24 14:00:00+00,140,549,117,191,238,97,19,,2,2
2020-06-24 15:00:00+00,138,580,156,216,243,99,12,,2,2
2020-06-24 16:00:00+00,117,564,152,132,244,154,25,5,,3
2020-06-24 17:00:00+00,83,471,103,81,159,176,47,2,,
2020-06-24 18:00:00+00,39,350,39,24,108,176,32,4,3,
2020-06-24 19:00:00+00,34,273,7,7,120,113,28,,,4
2020-06-24 11:00:00+00,38,646,94,65,245,253,57,14,4,7
2020-06-24 12:00:00+00,45,557,42,175,114,198,61,4,,4
2020-06-24 13:00:00+00,74,572,43,217,206,111,28,7,3,
2020-06-25 07:00:00+00,111,563,53,112,172,202,61,9,3,2
2020-06-25 08:00:00+00,61,418,75,167,121,80,29,7,6,6
2020-06-25 09:00:00+00,66,508,71,263,179,57,7,2,,
2020-06-25 17:00:00+00,83.05695746,477.5775054,107.7144917,58.39942322,171.3049748,202.4513338,33.74188897,5.191059841,3.893294881,1.29776496
2020-06-25 18:00:00+00,63.18051576,354.5845272,42.55014327,25.78796562,90.25787966,201.1461318,27.0773639,3.868194842,1.289398281,2.578796562
2020-06-25 19:00:00+00,68.57142857,214.2857143,25.71428571,12.85714286,68.57142857,115.7142857,12.85714286,,4.285714286,
2020-06-25 20:00:00+00,0,0,0,,,,,,,
2020-06-25 21:00:00+00,0,0,0,,,,,,,
2020-06-25 22:00:00+00,0,0,0,,,,,,,
2020-06-25 23:00:00+00,0,0,0,,,,,,,
2020-06-26 00:00:00+00,0,0,0,,,,,,,
2020-06-26 01:00:00+00,0,0,0,,,,,,,
2020-06-26 02:00:00+00,0,0,0,,,,,,,
2020-06-26 03:00:00+00,0,0,0,,,,,,,
2020-06-26 04:00:00+00,45.65460649,234.9869452,61.76799702,24.17008579,51.02573667,80.56695263,61.76799702,6.713912719,1.342782544,1.342782544
2020-06-26 05:00:00+00,94.49507838,540.7218374,66.93401385,40.68538097,128.6183011,227.0506744,110.2442581,11.8118848,7.874589865,5.249726577
2020-06-26 06:00:00+00,127.1224643,689.7069872,55.44703231,116.3035312,209.6168295,256.9496619,66.26596544,17.58076634,13.52366642,2.704733283
2020-06-26 07:00:00+00,164.516129,685.7142857,64.97695853,167.281106,211.5207373,239.1705069,48.38709677,4.147465438,2.764976959,4.147465438
2020-06-26 08:00:00+00,63.76383764,579.1881919,87.67527675,195.2767528,170.0369004,132.8413284,42.50922509,13.28413284,10.62730627,3.985239852
2020-06-26 09:00:00+00,89.92628993,682.5552826,98.77149877,269.7788698,221.1302211,107.6167076,30.95823096,17.69041769,13.26781327,4.422604423
2020-06-26 10:00:00+00,71.334214,729.1941876,66.57859974,171.2021136,277.4108322,217.1730515,26.94848085,14.2668428,3.170409511,7.926023778
2020-06-26 11:00:00+00,69.7466468,677.7943368,57.22801788,112.6676602,270.0447094,221.7585693,51.86289121,1.788375559,3.576751118,5.365126677
2020-07-01 01:00:00+00,0,0,0,,,,,,,
2020-06-26 23:00:00+00,0,0,0,,,,,,,
2020-06-27 00:00:00+00,0,0,0,,,,,,,
2020-06-27 01:00:00+00,0,0,0,,,,,,,
2020-06-27 02:00:00+00,0,0,0,,,,,,,
2020-06-27 03:00:00+00,0,151.8987342,15.18987342,,45.56962025,45.56962025,15.18987342,15.18987342,15.18987342,15.18987342
2020-06-27 04:00:00+00,12.98701299,89.61038961,28.57142857,6.493506494,25.97402597,31.16883117,19.48051948,1.298701299,2.597402597,
2020-06-27 05:00:00+00,44.90377762,270.7056308,35.9230221,10.2637206,92.37348539,93.65645046,60.29935852,12.82965075,1.282965075,
2020-06-27 06:00:00+00,65.83004661,428.5406956,27.10648978,27.10648978,120.0430262,194.9085694,68.41161707,10.32628182,2.581570455,
2020-06-27 07:00:00+00,81.60877514,558.0987203,22.37659963,73.71115174,169.7989031,236.928702,63.1809872,6.581352834,2.632541133,1.316270567
2020-06-27 08:00:00+00,61.54965442,455.7293561,53.69225173,204.29247,99.52710076,103.4558021,26.19134231,7.857402692,9.166969807,2.619134231
2020-06-27 09:00:00+00,84.83063328,540.7952872,68.92488954,265.095729,177.6141384,63.62297496,13.25478645,5.30191458,7.95287187,5.30191458
2020-06-27 10:00:00+00,73.34963325,710.0244499,35.20782396,88.0195599,249.3887531,302.200489,35.20782396,14.66992665,11.73594132,
2020-06-27 11:00:00+00,61.37566138,582.010582,50.79365079,63.49206349,148.1481481,264.5502646,84.65608466,4.232804233,2.116402116,2.116402116
2020-06-27 12:00:00+00,44.55905106,744.5074781,27.84940691,126.2506447,239.5048994,261.784425,83.54822073,16.70964415,5.569881382,1.856627127
2020-06-27 13:00:00+00,88.11188811,701.2987013,68.33166833,190.6093906,237.3626374,237.3626374,30.56943057,3.596403596,1.798201798,
2020-06-27 14:00:00+00,107.027027,729.7297297,52.81853282,254.3629344,298.8416988,134.8262548,27.7992278,2.77992278,1.38996139,4.16988417
2020-06-27 15:00:00+00,82.78835789,683.0039526,84.08192598,117.7146964,301.4013654,217.3194395,21.99065756,9.054976644,5.174272368,3.880704276
2020-07-01 02:00:00+00,0,0,0,,,,,,,
2020-07-01 03:00:00+00,0,0,0,,,,,,,
2020-06-28 05:00:00+00,29.47668209,151.2281951,6.407974368,8.971164115,34.60306159,56.39017444,34.60306159,8.971164115,,3.844784621
2020-06-28 06:00:00+00,46.93446089,251.1627907,2.536997886,6.342494715,88.794926,90.06342495,55.81395349,5.073995772,3.805496829,
2020-06-28 07:00:00+00,64.1221374,393.8931298,11.77753544,32.71537623,87.67720829,188.4405671,74.5910578,5.234460196,3.925845147,1.308615049
2020-06-28 08:00:00+00,39.95703545,348.0128894,12.88936627,108.2706767,42.5349087,122.4489796,50.26852846,11.60042965,3.866809882,3.866809882
2020-06-28 09:00:00+00,42.1875,426.5625,37.5,103.125,150,121.875,28.125,4.6875,14.0625,
2020-06-30 10:00:00+00,82.15488215,705.7239057,71.38047138,162.962963,242.4242424,212.7946128,48.48484848,10.77441077,9.427609428,6.734006734
2020-06-30 11:00:00+00,101.9643673,782.8232069,62.49428963,134.8560987,236.820466,274.6459571,82.22932846,19.73503883,14.80127912,4.933759708
2020-06-30 12:00:00+00,59.30807249,695.8813839,41.51565074,235.2553542,181.878089,175.9472817,51.40032949,27.67710049,3.953871499,7.907742998
2020-06-30 13:00:00+00,107.4141049,729.1139241,29.29475588,227.8481013,279.9276673,182.278481,22.78481013,3.254972875,6.50994575,
2020-06-30 14:00:00+00,144.0543601,650.9626274,108.7202718,237.8255946,273.1596829,107.3612684,19.02604757,5.43601359,2.718006795,1.359003398
2020-06-30 15:00:00+00,135.9283768,587.1545348,124.717789,191.9813157,232.6196964,121.9151421,30.82911639,1.401323472,5.605293889,
2020-06-30 16:00:00+00,106.351551,647.4150665,132.9394387,139.5864106,297.7843427,166.1742984,33.23485968,6.646971935,,
2020-06-30 17:00:00+00,100.2599332,628.2955811,74.86075009,84.21834385,243.2974378,244.6342369,42.77757148,5.347196435,1.336799109,1.336799109
2020-06-30 18:00:00+00,67.1931084,366.9777459,28.42785355,29.72002872,117.5879397,174.4436468,33.5965542,5.168700646,1.292175162,1.292175162
2020-06-30 20:00:00+00,0,0,0,,,,,,,
2020-06-30 21:00:00+00,0,0,0,,,,,,,
2020-06-30 22:00:00+00,0,0,0,,,,,,,
2020-06-30 23:00:00+00,0,0,0,,,,,,,
2020-07-01 00:00:00+00,0,0,0,,,,,,,
2020-06-25 03:00:00+00,11,160,11,,57,35,69,,,
2020-06-25 04:00:00+00,27,227,56,15,61,92,49,6,3,3
2020-06-25 05:00:00+00,118,602,68,75,158,217,117,22,5,5
2020-06-25 06:00:00+00,89,646,70,83,207,243,87,16,6,2
2020-06-25 10:00:00+00,81.06312292,596.6777409,55.81395349,160.7973422,213.9534884,168.7707641,34.55149502,3.986710963,3.986710963,5.315614618
2020-06-25 11:00:00+00,52.83617612,682.5862753,89.96429988,102.8163427,227.0527568,269.8928996,51.40817136,11.42403808,7.1400238,4.28401428
2020-06-25 12:00:00+00,31.03448276,577.2413793,27.93103448,148.9655172,93.10344828,248.2758621,55.86206897,21.72413793,,
2020-06-25 13:00:00+00,89.34306569,632.4087591,36.78832117,208.4671533,192.7007299,173.4306569,47.29927007,8.759124088,1.751824818,
2020-06-25 14:00:00+00,104.9482163,596.547756,96.66283084,200.2301496,259.6087457,115.995397,13.80897583,2.761795167,1.380897583,1.380897583
2020-06-25 15:00:00+00,116.6731745,551.034752,201.0152284,203.8266302,224.9121437,99.80476376,15.46270988,1.405700898,1.405700898,1.405700898
2020-07-01 06:00:00+00,76.68161435,626.9058296,92.82511211,72.64573991,192.3766816,256.9506726,79.37219731,10.76233184,1.34529148,2.69058296
2020-07-01 07:00:00+00,100.7183365,707.7504726,66.69187146,151.0775047,230.0189036,246.3516068,55.80340265,10.88846881,,4.083175803
2020-07-01 16:00:00+00,109.8882201,617.5408426,52.62252794,204.2992261,258.4694755,120.72227,27.85898538,3.09544282,1.54772141,1.54772141
2020-07-01 17:00:00+00,90.13867488,590.7550077,67.95069337,77.65793529,244.0677966,217.7195686,34.66872111,2.773497689,5.546995378,
2020-07-01 18:00:00+00,53.73134328,385.293047,38.00509647,15.72624681,116.6363305,188.7149618,52.42082272,3.931561704,1.310520568,1.310520568
2020-07-01 19:00:00+00,16.88159437,219.4607268,37.98358734,4.220398593,101.2895662,92.84876905,12.66119578,4.220398593,,
2020-07-01 20:00:00+00,0,0,0,,,,,,,
2020-07-01 21:00:00+00,0,0,0,,,,,,,
2020-07-01 22:00:00+00,0,0,0,,,,,,,
2020-07-01 23:00:00+00,0,0,0,,,,,,,
2020-06-25 16:00:00+00,138.4615385,570.6685838,142.3436377,122.9331416,263.9827462,161.7541337,11.64629763,1.29403307,2.588066139,3.882099209
2020-06-26 12:00:00+00,59.60264901,576.1589404,45.69536424,232.4503311,133.1125828,150.9933775,33.77483444,15.89403974,1.986754967,
2020-06-26 13:00:00+00,79.69348659,669.7318008,38.31417625,280.4597701,251.3409962,98.08429119,24.5210728,7.662835249,3.0651341,
2020-06-26 14:00:00+00,133.7185307,674.5356995,69.83078828,301.6095749,261.4940157,95.08873298,8.914568716,2.971522905,,1.485761453
2020-06-26 15:00:00+00,130.1886792,621.2264151,159.9056604,198.1132075,267.4528302,134.4339623,14.1509434,2.830188679,,2.830188679
2020-06-26 16:00:00+00,98.28904259,553.0396797,144.1572625,110.0837277,264.7251547,152.0203859,17.03676738,3.931561704,,2.621041136
2020-06-26 17:00:00+00,73.65398421,531.0839914,91.74443647,94.32878679,231.2993539,173.1514716,27.13567839,1.292175162,1.292175162,
2020-06-26 18:00:00+00,72.46585191,414.0905823,28.46872753,36.23292595,151.4018692,188.9288282,23.29259526,1.29403307,6.470165349,2.588066139
2020-06-26 19:00:00+00,58.18965517,329.7413793,19.39655172,7.75862069,124.137931,170.6896552,15.51724138,3.879310345,,
2020-06-26 20:00:00+00,0,0,0,,,,,,,
2020-06-26 21:00:00+00,0,0,0,,,,,,,
2020-06-26 22:00:00+00,0,0,0,,,,,,,
2020-06-27 16:00:00+00,67.64922623,657.9218865,71.62859248,161.8275608,303.7582903,156.5217391,26.52910833,3.979366249,,2.652910833
2020-06-27 17:00:00+00,77.1521976,615.9099165,45.76825282,69.30621141,261.5328732,230.1489284,39.22993098,3.922993098,1.307664366,5.230657465
2020-06-27 18:00:00+00,54.82233503,412.4728064,28.7164612,32.63234228,178.8252357,165.7722988,26.10587382,6.526468455,,
2020-06-27 19:00:00+00,36.03603604,252.2522523,18.01801802,7.207207207,111.7117117,111.7117117,14.41441441,3.603603604,,
2020-06-27 20:00:00+00,0,0,0,,,,,,,
2020-06-27 21:00:00+00,0,0,0,,,,,,,
2020-06-27 22:00:00+00,0,0,0,,,,,,,
2020-06-27 23:00:00+00,0,0,0,,,,,,,
2020-06-28 00:00:00+00,0,0,0,,,,,,,
2020-06-28 01:00:00+00,0,0,0,,,,,,,
2020-06-28 02:00:00+00,0,0,0,,,,,,,
2020-06-28 03:00:00+00,0,88.23529412,0,,35.29411765,,35.29411765,,,17.64705882
2020-06-28 04:00:00+00,12.60063003,70.56352818,6.300315016,3.780189009,34.02170109,20.16100805,7.560378019,1.260063003,2.520126006,
2020-06-28 10:00:00+00,61.12054329,525.6366723,55.00848896,88.62478778,143.6332767,241.426146,42.78438031,3.056027165,,
2020-06-30 06:00:00+00,75,700,0,125,50,250,50,125,50,25
2020-06-30 07:00:00+00,129.9333072,706.1592781,60.72969792,152.5304041,225.970969,218.9093762,62.14201648,14.12318556,21.18477834,1.412318556
2020-06-30 08:00:00+00,81.60535117,584.6153846,120.4013378,200.6688963,193.9799331,132.4414716,30.76923077,8.026755853,10.70234114,2.675585284
2020-06-30 09:00:00+00,75.77548006,664.6971935,106.351551,224.6676514,237.9615953,140.915805,29.24667651,14.62333826,2.658788774,5.317577548
2020-06-30 19:00:00+00,85.71428571,212.244898,12.24489796,28.57142857,65.30612245,81.63265306,28.57142857,4.081632653,,
2020-07-01 04:00:00+00,38.01652893,246.2809917,66.11570248,28.09917355,44.62809917,114.0495868,42.97520661,9.917355372,3.305785124,
2020-07-01 05:00:00+00,80.31666067,541.4897445,98.45268082,79.02123066,137.3155811,217.6322418,77.72580065,12.95430011,5.181720043,2.590860022
2020-07-01 08:00:00+00,59.14861837,594.1747573,104.8543689,180.1344287,201.6430172,166.6915609,29.57430919,5.377147125,1.344286781,1.344286781
2020-07-01 09:00:00+00,97.44360902,749.7744361,92.03007519,212.481203,300.4511278,156.9924812,46.01503759,16.2406015,6.766917293,4.060150376
2020-07-01 10:00:00+00,85.31468531,727.2727273,90.90909091,137.0629371,278.3216783,232.1678322,50.34965035,12.58741259,1.398601399,2.797202797
2020-07-01 11:00:00+00,71.84035477,694.4567627,73.4368071,90.99778271,242.6607539,277.7827051,60.66518847,7.982261641,3.192904656,3.192904656
2020-07-01 12:00:00+00,157.0425139,701.3678373,94.49168207,165.0277264,276.8207024,200.961183,42.58780037,3.992606285,2.661737523,3.992606285
2020-07-01 13:00:00+00,95.15418502,609.2511013,103.0837004,214.0969163,274.8898678,88.54625551,22.46696035,2.643171806,2.643171806,1.321585903
2020-07-01 14:00:00+00,83.43925234,697.1214953,98.24299065,177.6448598,314.9158879,166.8785047,21.53271028,1.345794393,9.420560748,
2020-07-01 15:00:00+00,125.2173913,702.3062382,73.49716446,264.0453686,299.4328922,95.27410208,28.58223062,8.166351607,2.722117202,
2020-07-02 00:00:00+00,0,0,0,,,,,,,
2020-07-02 02:00:00+00,0,0,0,,,,,,,
2020-07-02 03:00:00+00,0,0,0,,,,,,,
2020-07-02 12:00:00+00,96.85486927,657.5217886,95.49071618,139.143615,240.0909435,205.9871163,46.381205,13.64153088,6.820765441,1.364153088
2020-07-02 13:00:00+00,102.1953066,692.2028766,87.20666162,170.325511,280.6964421,179.8637396,39.51551855,9.538228615,4.087812263,2.725208176
2020-07-02 14:00:00+00,102.0186335,673.6024845,72.67080745,265.5279503,278.1055901,93.63354037,20.96273292,9.782608696,,2.795031056
2020-07-02 15:00:00+00,105.83971,666.9351591,72.49295207,268.2239227,263.8743455,100.0402739,15.94844946,4.349577124,5.799436166,1.449859041
2020-07-02 16:00:00+00,142.3349496,600.2237971,95.33756061,126.2215591,230.9585975,189.3323387,29.54121596,5.371130175,5.371130175,1.342782544
2020-07-02 17:00:00+00,67.59294029,569.1325573,78.40781074,64.88922268,252.7975967,224.4085618,21.62974089,1.351858806,1.351858806,1.351858806
2020-07-02 18:00:00+00,50.77757685,404.9186257,31.2477396,33.8517179,101.5551537,191.3924051,50.77757685,9.113924051,6.50994575,3.90596745
2020-07-02 19:00:00+00,46.04651163,238.6046512,16.74418605,16.74418605,79.53488372,87.90697674,25.11627907,8.372093023,4.186046512,4.186046512
2020-07-02 20:00:00+00,0,0,0,,,,,,,
2020-07-02 21:00:00+00,0,0,0,,,,,,,
2020-07-02 22:00:00+00,0,0,0,,,,,,,
2020-07-02 23:00:00+00,0,0,0,,,,,,,
2020-07-03 00:00:00+00,0,0,0,,,,,,,
2020-07-03 01:00:00+00,0,0,0,,,,,,,
2020-07-03 02:00:00+00,0,0,0,,,,,,,
2020-07-03 03:00:00+00,0,49.31506849,0,,,,49.31506849,,,
2020-07-03 04:00:00+00,42.20398593,218.0539273,70.33997655,22.5087925,61.89917937,64.71277843,54.86518171,5.627198124,1.406799531,2.813599062
2020-07-03 05:00:00+00,91.24114797,656.1311964,79.16511368,87.21580321,158.3302274,228.1028699,139.5452851,10.7342527,10.7342527,4.025344763
2020-07-03 06:00:00+00,122.3510596,716.8332667,80.6077569,96.44142343,253.3386645,223.1107557,96.44142343,18.71251499,7.197121152,1.43942423
2020-07-03 07:00:00+00,72.13114754,636.0655738,111.4754098,136.3934426,247.8688525,207.2131148,28.85245902,7.868852459,1.31147541,
2020-07-03 08:00:00+00,79.84435798,593.9299611,131.6731518,215.7198444,175.0972763,121.8677043,42.0233463,15.40856031,8.404669261,7.003891051
2020-07-03 18:00:00+00,59.8265896,404.4797688,36.41618497,39.01734104,127.4566474,179.4797688,46.82080925,2.601156069,2.601156069,1.300578035
2020-07-03 19:00:00+00,26.86567164,274.0298507,0,5.373134328,96.71641791,128.9552239,26.86567164,5.373134328,,
2020-07-03 20:00:00+00,0,0,0,,,,,,,
2020-07-03 21:00:00+00,0,0,0,,,,,,,
2020-07-03 22:00:00+00,0,0,0,,,,,,,
2020-07-03 23:00:00+00,0,0,0,,,,,,,
2020-07-04 00:00:00+00,0,0,0,,,,,,,
2020-07-04 01:00:00+00,0,0,0,,,,,,,
2020-07-04 02:00:00+00,0,0,0,,,,,,,
2020-07-04 03:00:00+00,0,91.13924051,45.56962025,,45.56962025,,45.56962025,,,
2020-07-04 04:00:00+00,13.98799011,110.6322854,41.96397033,6.358177323,36.87742847,31.79088661,20.34616743,3.814906394,3.814906394,3.814906394
2020-07-04 05:00:00+00,38.33865815,205.7507987,33.22683706,11.50159744,47.28434505,86.90095847,34.50479233,12.77955272,3.833865815,5.111821086
2020-07-04 06:00:00+00,73.30909091,428.0727273,27.49090909,36.65454545,144,167.5636364,66.76363636,2.618181818,2.618181818,1.309090909
2020-07-04 07:00:00+00,110.9166984,651.8067706,28.75618106,71.20578167,188.9691898,287.5618106,71.20578167,12.3240776,5.47736782,4.108025865
2020-07-04 08:00:00+00,62.46699359,468.5024519,54.31912486,205.0546963,85.55262165,97.77442475,52.96114674,12.22180309,12.22180309,1.357978121
2020-07-04 09:00:00+00,58.87445887,528.1385281,39.82683983,259.7402597,167.965368,70.995671,6.926406926,6.926406926,,8.658008658
2020-07-04 10:00:00+00,62.55688871,667.2734795,55.10964005,111.7087298,285.9743484,230.8647083,31.27844435,,2.978899462,
2020-07-04 11:00:00+00,39.26762758,610.0506428,54.69419556,35.06038177,200.5453837,270.6661473,74.32800935,18.23139852,5.609661083,2.804830541
2020-07-04 14:00:00+00,98.91640867,589.3188854,86.37770898,204.7987616,206.1919505,153.250774,22.29102167,1.393188854,,
2020-07-04 15:00:00+00,100.3533569,535.6890459,195.0530035,120.1413428,213.4275618,158.3038869,36.74911661,2.826855124,1.413427562,1.413427562
2020-07-04 20:00:00+00,0,0,0,,,,,,,
2020-07-05 00:00:00+00,0,0,0,,,,,,,
2020-07-05 01:00:00+00,0,0,0,,,,,,,
2020-07-05 02:00:00+00,0,0,0,,,,,,,
2020-07-05 03:00:00+00,0,31.85840708,0,,,31.85840708,,,,
2020-07-05 04:00:00+00,6.358177323,80.11303426,5.086541858,1.271635465,24.16107383,29.24761568,19.07453197,3.814906394,,
2020-07-05 05:00:00+00,28.00565771,175.6718529,3.818953324,10.18387553,47.10042433,45.82743989,52.19236209,10.18387553,2.545968883,2.545968883
2020-07-05 06:00:00+00,50.10706638,287.7944325,3.854389722,8.993576017,75.80299786,118.2012848,61.67023555,14.13276231,1.284796574,1.284796574
2020-07-05 10:00:00+00,36.15910004,540.9401366,20.24909602,88.2282041,173.5636802,209.7227802,56.40819606,4.339092005,2.892728003,1.446364002
2020-07-05 11:00:00+00,28.68525896,352.04636,10.43100326,18.2542557,104.3100326,148.6417965,56.06664252,9.127127852,11.73487867,1.303875407
2020-07-05 12:00:00+00,21.02803738,249.5327103,5.607476636,35.04672897,42.05607477,109.3457944,51.86915888,5.607476636,,
2020-07-05 13:00:00+00,36.16071429,317.4107143,0,36.16071429,60.26785714,92.41071429,76.33928571,36.16071429,12.05357143,4.017857143
2020-07-05 14:00:00+00,44.66165414,414.1353383,29.77443609,97.44360902,98.79699248,147.518797,56.84210526,9.473684211,2.706766917,
2020-07-05 15:00:00+00,52.59515571,365.3979239,84.42906574,33.21799308,123.183391,150.8650519,51.21107266,2.76816609,1.384083045,
2020-07-05 16:00:00+00,58.23148814,439.9712437,91.87634795,32.35082674,147.5197699,201.8691589,45.29115744,,1.29403307,2.588066139
2020-07-05 17:00:00+00,53.98072117,365.0124955,83.54159229,21.84933952,111.8172081,185.0767583,43.69867904,1.285255266,,
2020-07-05 20:00:00+00,0,0,0,,,,,,,
2020-07-05 21:00:00+00,0,0,0,,,,,,,
2020-07-05 22:00:00+00,0,0,0,,,,,,,
2020-07-05 23:00:00+00,0,0,0,,,,,,,
2020-07-06 00:00:00+00,0,0,0,,,,,,,
2020-07-06 01:00:00+00,0,0,0,,,,,,,
2020-07-06 02:00:00+00,0,0,0,,,,,,,
2020-07-06 03:00:00+00,0,61.36363636,0,,,20.45454545,20.45454545,,20.45454545,
2020-07-06 06:00:00+00,120.3190277,710.9760729,36.91606532,73.83213065,235.1690087,263.881504,91.60653247,24.61071022,8.203570072,1.367261679
2020-07-06 07:00:00+00,137.9640719,694.1317365,45.98802395,172.4550898,228.502994,215.5688623,43.11377246,10.05988024,4.311377246,5.748502994
2020-07-06 16:00:00+00,130.3584492,628.0907096,140.8924653,142.2092173,287.0519386,172.4945135,18.43452816,2.633504023,,1.316752012
2020-07-06 17:00:00+00,79.54383464,517.0349252,94.93941554,50.03563792,192.4447612,220.6699929,39.77191732,3.848895225,2.56593015,1.282965075
2020-07-06 18:00:00+00,55.68345324,349.6402878,53.09352518,27.1942446,112.6618705,159.2805755,34.96402878,6.474820144,3.884892086,1.294964029
2020-07-06 19:00:00+00,57.14285714,206.5934066,17.58241758,13.18681319,105.4945055,61.53846154,17.58241758,4.395604396,,
2020-07-06 20:00:00+00,0,0,0,,,,,,,
2020-07-06 21:00:00+00,0,0,0,,,,,,,
2020-07-06 22:00:00+00,0,0,0,,,,,,,
2020-07-06 23:00:00+00,0,0,0,,,,,,,
2020-07-07 00:00:00+00,0,0,0,,,,,,,
2020-07-07 01:00:00+00,0,0,0,,,,,,,
2020-07-07 02:00:00+00,0,0,0,,,,,,,
2020-07-07 03:00:00+00,0,0,0,,,,,,,
2020-07-07 04:00:00+00,27.82480677,257.0482149,58.29959514,18.54987118,64.92454914,90.09937431,55.64961354,11.92491719,5.299963195,1.324990799
2020-07-07 05:00:00+00,120.3969129,550.3858875,76.73649394,34.39911797,134.9503859,231.5325248,109.8125689,17.19955899,5.292171996,6.615214994
2020-07-07 06:00:00+00,112.7121841,711.5805356,73.33081856,80.12070917,230.8562806,279.743493,85.55262165,13.57978121,8.147868729,6.789890607
2020-07-07 07:00:00+00,142.2704378,605.3467648,41.84424642,160.4029446,221.774506,154.8237117,43.23905463,8.368849283,5.579232855,1.394808214
2020-07-07 08:00:00+00,58.69565217,406.9565217,63.91304348,165.6521739,104.3478261,92.60869565,24.7826087,6.52173913,1.304347826,2.608695652
2020-07-07 09:00:00+00,66.27393225,519.5876289,92.78350515,286.3033873,174.9631811,38.43888071,9.278350515,7.95287187,1.325478645,
2020-07-07 10:00:00+00,73.88059701,631.3432836,96.71641791,163.880597,244.4776119,169.2537313,33.58208955,8.059701493,5.373134328,4.029850746
2020-07-07 12:00:00+00,49.65517241,487.2413793,43.44827586,136.5517241,80.68965517,198.6206897,43.44827586,9.310344828,6.206896552,
2020-07-07 13:00:00+00,77.91044776,538.6567164,28.20895522,190.7462687,171.9402985,122.238806,25.52238806,13.43283582,4.029850746,2.686567164
2020-07-07 22:00:00+00,0,0,0,,,,,,,
2020-07-07 23:00:00+00,0,0,0,,,,,,,
2020-07-08 00:00:00+00,0,0,0,,,,,,,
2020-07-08 01:00:00+00,0,0,0,,,,,,,
2020-07-08 02:00:00+00,0,0,0,,,,,,,
2020-07-08 03:00:00+00,41.37931034,206.8965517,0,,82.75862069,82.75862069,,,,41.37931034
2020-07-08 04:00:00+00,30.9234073,228.0601288,43.80816034,21.90408017,64.42376521,78.59699356,43.80816034,6.442376521,5.153901217,
2020-07-08 05:00:00+00,97.33284618,541.9071977,78.91852393,46.03580563,152.5758129,230.1790281,93.38691999,6.576543661,2.630617464,5.261234929
2020-07-08 06:00:00+00,86.71096346,683.2225914,61.29568106,74.75083056,222.7574751,245.1827243,89.70099668,22.42524917,4.485049834,4.485049834
2020-07-08 07:00:00+00,100.3095975,688.2352941,90.55727554,157.4303406,247.9876161,214.5510836,44.58204334,9.752321981,6.965944272,
2020-07-08 08:00:00+00,55.77277757,427.5912947,70.3799336,183.253412,90.29878274,107.5617853,29.21431206,5.311693102,1.327923276,1.327923276
2020-07-08 09:00:00+00,51.35135135,472.972973,93.24324324,237.8378378,186.4864865,32.43243243,9.459459459,1.351351351,1.351351351,1.351351351
2020-07-08 10:00:00+00,45.40059347,615.578635,77.44807122,134.8664688,247.0326409,174.925816,32.04747774,8.011869436,9.347181009,4.005934718
2020-07-08 11:00:00+00,50.56179775,691.9743178,83.78812199,83.78812199,286.035313,236.918138,41.894061,13.00160514,10.11235955,8.667736758
2020-07-08 12:00:00+00,58.29145729,552.7638191,36.18090452,176.8844221,110.5527638,205.0251256,32.16080402,14.07035176,8.040201005,
2020-07-08 13:00:00+00,107.3783359,668.7598116,88.5400314,180.8477237,212.8728414,177.0800628,47.09576138,15.07064364,13.18681319,9.419152276
2020-07-08 14:00:00+00,109.5394737,698.6842105,113.9802632,307.8947368,238.3223684,111.0197368,16.28289474,7.401315789,8.881578947,
2020-07-08 15:00:00+00,160.8540925,572.2419929,143.772242,220.6405694,233.4519573,92.52669039,18.50533808,1.423487544,2.846975089,
2020-07-02 01:00:00+00,0,0,0,,,,,,,
2020-07-02 04:00:00+00,42.90998767,258.9395808,59.18618989,26.63378545,68.06411837,100.6165228,48.82860666,2.959309494,7.398273736,1.479654747
2020-07-02 05:00:00+00,127.4217586,641.1326379,71.08792846,59.01639344,158.271237,248.1371088,142.1758569,21.46050671,1.341281669,1.341281669
2020-07-02 06:00:00+00,142.9349942,744.1027637,44.84235111,152.7442585,217.2051382,266.2514597,79.87543791,11.21058778,2.802646944,8.407940833
2020-07-02 07:00:00+00,126.3157895,627.3684211,60.35087719,155.7894737,218.9473684,189.4736842,43.50877193,4.210526316,4.210526316,2.807017544
2020-07-02 08:00:00+00,59.55882353,403.6764706,71.47058824,189.2647059,72.79411765,93.97058824,30.44117647,1.323529412,3.970588235,3.970588235
2020-07-02 09:00:00+00,101.3497879,617.8172002,72.19436946,347.0883147,166.6023911,59.69919013,13.88353259,13.88353259,2.776706518,5.553413035
2020-07-02 10:00:00+00,140.6779661,774.5762712,50.84745763,179.6610169,266.1016949,237.2881356,50.84745763,16.94915254,8.474576271,3.389830508
2020-07-02 11:00:00+00,98.2729805,655.821727,84.23398329,94.26183844,208.5793872,254.7075209,66.18384401,10.02785515,,12.03342618
2020-07-03 09:00:00+00,94.27880741,723.7711523,104.4319098,277.0346495,263.9806608,101.5310234,36.26107977,8.702659146,17.40531829,2.900886382
2020-07-03 10:00:00+00,116.5743502,779.2074989,102.769493,248.4874308,296.0374947,144.1840648,47.55006391,18.40647635,7.669365147,3.067746059
2020-07-03 11:00:00+00,72.94216969,724.8628113,56.2262558,220.3461376,237.0620515,156.5217391,53.18699873,18.23554242,6.078514141,12.15702828
2020-07-03 12:00:00+00,72.33065442,727.4397245,68.19747417,314.1216992,208.7256028,136.3949483,22.73249139,12.39954076,10.33295063,8.266360505
2020-07-03 13:00:00+00,103.3492823,576.076555,70.81339713,223.923445,220.0956938,74.64114833,21.05263158,11.48325359,9.56937799,3.827751196
2020-07-03 14:00:00+00,167.1428571,535.7142857,107.1428571,232.8571429,194.2857143,87.14285714,12.85714286,4.285714286,2.857142857,
2020-07-03 15:00:00+00,138.7068202,513.3746678,110.0088574,189.7254207,240.7440213,62.1789194,12.75465013,1.594331267,1.594331267,
2020-07-03 16:00:00+00,73.46938776,669.0962099,111.516035,173.1778426,325.3644315,128.5714286,20.99125364,10.49562682,1.311953353,5.247813411
2020-07-03 17:00:00+00,66.7903525,650.5380334,78.81261596,70.79777365,236.4378479,265.825603,60.11131725,5.3432282,4.00742115,2.6716141
2020-07-04 12:00:00+00,26.82563338,498.9567809,32.19076006,107.3025335,96.57228018,219.9701937,42.92101341,5.365126677,8.047690015,8.047690015
2020-07-04 13:00:00+00,63.63234644,550.4197967,19.08970393,182.942996,143.1727795,151.1268228,52.49668582,12.72646929,3.181617322,
2020-07-04 16:00:00+00,92.47952345,443.633656,174.2367833,89.79895756,210.4244229,120.6254654,16.08339538,4.020848846,1.340282949,
2020-07-04 17:00:00+00,58.63192182,512.0521173,92.50814332,71.66123779,224.1042345,188.9250814,16.93811075,5.211726384,2.605863192,1.302931596
2020-07-08 18:00:00+00,70.51142546,381.2840044,53.53645267,37.86724701,101.8498368,194.5593036,40.47878128,2.611534276,1.305767138,1.305767138
2020-07-04 18:00:00+00,61.10509209,399.1332611,42.9035753,35.10292524,123.5102925,200.2166847,29.90249187,3.900325027,,1.300108342
2020-07-04 19:00:00+00,12.94964029,336.6906475,4.316546763,25.89928058,146.7625899,129.4964029,34.5323741,,,
2020-07-04 21:00:00+00,0,0,0,,,,,,,
2020-07-04 22:00:00+00,0,0,0,,,,,,,
2020-07-04 23:00:00+00,0,0,0,,,,,,,
2020-07-05 07:00:00+00,88.61131521,407.3475386,2.645113887,34.38648053,141.5135929,142.8361499,64.80529023,13.22556943,2.645113887,2.645113887
2020-07-05 08:00:00+00,53.05821665,331.6138541,15.917465,106.1164333,54.38467207,126.0132646,30.50847458,6.632277082,2.652910833,1.326455416
2020-07-05 09:00:00+00,50.7909363,424.7969218,21.54766994,118.5121847,166.2248824,106.1992304,15.39119282,4.617357845,7.695596409,1.539119282
2020-07-05 18:00:00+00,50.70422535,305.5596738,33.35804299,12.00889548,104.0770941,150.7783543,29.35507784,4.002965159,1.33432172,
2020-07-05 19:00:00+00,61.69354839,225,18.14516129,3.629032258,72.58064516,119.7580645,29.03225806,,,
2020-07-06 04:00:00+00,30.43325114,199.0841846,36.7735118,12.68052131,44.38182459,77.35117999,49.45403311,7.608312786,,1.268052131
2020-07-06 05:00:00+00,100.7462687,636.7164179,45.67164179,44.32835821,151.7910448,261.9402985,128.9552239,25.52238806,5.373134328,8.059701493
2020-07-06 08:00:00+00,63.90532544,424.704142,65.23668639,186.3905325,78.55029586,125.147929,17.30769231,5.325443787,5.325443787,1.331360947
2020-07-06 09:00:00+00,58.16876122,515.7630162,54.29084381,197.7737882,202.9443447,96.94793537,14.21903052,2.585278276,,
2020-07-06 10:00:00+00,68.87417219,692.7152318,86.09271523,91.39072848,288.7417219,239.7350993,56.95364238,6.622516556,5.298013245,1.324503311
2020-07-06 11:00:00+00,44.73786408,605.3592233,76.89320388,76.89320388,180.3495146,260.038835,68.50485437,,5.59223301,2.796116505
2020-07-06 12:00:00+00,53.66726297,577.4597496,60.10733453,152.4150268,107.3345259,216.8157424,77.28085868,15.02683363,4.293381038,
2020-07-06 13:00:00+00,53.04381543,506.7080264,44.66847615,195.4245832,178.6739046,86.54517255,25.12601784,9.771229159,2.79177976,2.79177976
2020-07-06 14:00:00+00,154.3453071,575.6662804,125.1448436,266.9756663,241.9466976,41.71494786,25.02896871,,,
2020-07-06 15:00:00+00,75.65098218,542.7135678,208.8624943,177.6153495,246.6879854,90.45226131,19.73503883,1.644586569,3.289173138,1.644586569
2020-07-07 11:00:00+00,34.79789104,640.5975395,74.34094903,75.92267135,259.4024605,208.7873462,64.85061511,15.8172232,6.326889279,1.58172232
2020-07-07 14:00:00+00,114.0142518,568.6460808,99.76247031,252.2565321,219.4774347,76.95961995,17.10213777,1.425178147,,
2020-07-07 15:00:00+00,114.6407767,483.7281553,197.1262136,191.5339806,198.5242718,72.69902913,12.58252427,1.398058252,1.398058252,4.194174757
2020-07-07 16:00:00+00,107.2847682,536.4238411,141.7218543,137.7483444,279.4701987,96.68874172,14.56953642,2.649006623,,1.324503311
2020-07-07 17:00:00+00,71.00073046,504.8940833,95.98246896,89.40832725,191.9649379,194.5945946,24.9817385,1.314828342,,
2020-07-07 18:00:00+00,60.59275521,412.2941822,38.19978046,31.61361142,151.481888,183.0954995,34.24807903,3.951701427,1.317233809,1.317233809
2020-07-07 19:00:00+00,67.83919598,271.3567839,13.5678392,31.65829146,94.97487437,117.5879397,18.09045226,,4.522613065,4.522613065
2020-07-07 20:00:00+00,0,0,0,,,,,,,
2020-07-07 21:00:00+00,0,0,0,,,,,,,
2020-07-08 16:00:00+00,116.9825919,555.6673114,157.3694391,199.1489362,214.4680851,110.0193424,18.10444874,5.570599613,2.785299807,1.392649903
2020-07-08 17:00:00+00,95.89345172,523.418424,105.2164262,99.88901221,211.7647059,174.472808,26.63706992,2.663706992,1.331853496,1.331853496
2020-07-08 19:00:00+00,60.95238095,285.7142857,19.04761905,11.42857143,99.04761905,121.9047619,41.9047619,7.619047619,,
2020-07-08 20:00:00+00,0,0,0,,,,,,,
2020-07-08 21:00:00+00,0,0,0,,,,,,,
2020-07-08 22:00:00+00,0,0,0,,,,,,,
2020-07-08 23:00:00+00,0,0,0,,,,,,,
2020-07-09 04:00:00+00,29.61439589,229.5115681,72.18508997,12.9562982,57.37789203,88.84318766,48.12339332,9.254498715,7.403598972,3.701799486
2020-07-09 14:00:00+00,93.4329532,622.8863547,82.10774676,281.7145104,213.7632717,100.5112072,9.909555643,2.831301612,5.662603225,
2020-07-09 15:00:00+00,95.3271028,528.5046729,186.4485981,176.635514,224.2990654,99.53271028,21.02803738,2.803738318,,
2020-07-09 16:00:00+00,117.5398633,519.3621868,179.0432802,142.1412301,251.4806378,103.8724374,13.66742597,1.366742597,2.733485194,1.366742597
2020-07-09 17:00:00+00,75.0274223,556.7824497,106.6179159,97.40402194,204.0219378,213.2358318,30.27422303,3.9488117,2.632541133,2.632541133
2020-07-09 18:00:00+00,53.28519856,380.7942238,38.98916968,32.49097473,124.765343,175.4512635,37.68953069,1.299638989,2.599277978,1.299638989
2020-07-09 19:00:00+00,55.81395349,323.7209302,22.3255814,22.3255814,128.372093,145.1162791,16.74418605,,,
2020-07-09 20:00:00+00,0,0,0,,,,,,,
2020-07-09 21:00:00+00,0,0,0,,,,,,,
2020-07-09 22:00:00+00,0,0,0,,,,,,,
2020-07-09 23:00:00+00,0,0,0,,,,,,,
2020-07-10 00:00:00+00,0,0,0,,,,,,,
2020-07-10 01:00:00+00,0,0,0,,,,,,,
2020-07-10 02:00:00+00,0,0,0,,,,,,,
2020-07-10 03:00:00+00,0,0,0,,,,,,,
2020-07-10 04:00:00+00,39.04881101,256.8210263,55.56946183,33.04130163,72.09011264,87.10888611,42.05256571,12.01501877,1.501877347,4.50563204
2020-07-10 05:00:00+00,74.72924188,539.3501805,95.84837545,24.36823105,118.5920578,237.1841155,121.8411552,17.8700361,6.498194946,4.873646209
2020-07-10 06:00:00+00,92.30769231,614.5054945,81.75824176,64.61538462,213.6263736,243.956044,75.16483516,11.86813187,3.956043956,1.318681319
2020-07-10 07:00:00+00,89.59881129,615.1560178,72.21396731,98.95988113,240.7132244,193.9078752,64.19019316,6.686478455,1.337295691,
2020-07-10 08:00:00+00,39.54595386,417.8689125,79.09190773,199.0479678,110.7286708,76.4555108,18.45477847,6.590992311,2.636396924,
2020-07-15 21:00:00+00,0,0,0,,,,,,,
2020-07-15 22:00:00+00,0,0,0,,,,,,,
2020-07-09 00:00:00+00,0,0,0,,,,,,,
2020-07-10 11:00:00+00,67.14285714,634.2857143,72.85714286,90,208.5714286,254.2857143,55.71428571,11.42857143,2.857142857,5.714285714
2020-07-10 20:00:00+00,0,0,0,,,,,,,
2020-07-10 21:00:00+00,0,0,0,,,,,,,
2020-07-10 22:00:00+00,0,0,0,,,,,,,
2020-07-10 23:00:00+00,0,0,0,,,,,,,
2020-07-11 00:00:00+00,0,0,0,,,,,,,
2020-07-11 01:00:00+00,0,0,0,,,,,,,
2020-07-11 02:00:00+00,0,0,0,,,,,,,
2020-07-11 03:00:00+00,0,0,0,,,,,,,
2020-07-11 04:00:00+00,14.27941825,117.40855,42.83825474,6.346408109,33.31864257,42.83825474,23.79903041,6.346408109,1.586602027,
2020-07-11 05:00:00+00,36.66787923,229.1742452,34.048745,18.33393961,56.31138596,62.85922154,65.47835577,10.47653692,7.857402692,2.619134231
2020-07-11 06:00:00+00,82.83418554,445.7268079,23.66691015,26.29656684,120.9642075,210.3725347,67.05624543,7.888970051,3.944485026,1.314828342
2020-07-11 07:00:00+00,103.2336791,566.6870043,28.55399634,72.48322148,204.2708969,197.6815131,65.89383771,6.589383771,4.392922514,
2020-07-11 08:00:00+00,48.61313869,362.6277372,69.6350365,174.7445255,89.34306569,72.26277372,21.02189781,1.313868613,1.313868613,1.313868613
2020-07-11 09:00:00+00,56.6203365,518.8002926,76.37161668,273.8844184,171.1777615,57.93708851,2.633504023,1.316752012,1.316752012,1.316752012
2020-07-11 10:00:00+00,77.44807122,630.2670623,60.08902077,117.5074184,255.0445104,221.6617211,24.03560831,1.335311573,2.670623145,2.670623145
2020-07-11 11:00:00+00,33.04268013,555.1170262,59.47682423,79.30243231,181.7347407,181.7347407,79.30243231,16.52134006,6.608536026,4.956402019
2020-07-11 12:00:00+00,33.11036789,418.3946488,24.08026756,117.3913043,75.25083612,174.5819398,51.17056856,,,
2020-07-11 13:00:00+00,45.2312964,544.8315248,20.55968018,139.8058252,191.2050257,170.6453455,30.83952027,6.167904055,2.055968018,
2020-07-11 14:00:00+00,70.96430474,632.9248801,67.12839638,222.4826851,186.0415557,189.877464,32.6052211,1.917954182,,
2020-07-15 23:00:00+00,0,0,0,,,,,,,
2020-07-12 02:00:00+00,0,0,0,,,,,,,
2020-07-12 03:00:00+00,0,0,0,,,,,,,
2020-07-12 04:00:00+00,11.2640801,128.4105131,9.01126408,4.50563204,47.30913642,45.0563204,27.03379224,4.50563204,,
2020-07-12 05:00:00+00,38.59899929,181.4152966,12.8663331,16.72623302,51.46533238,66.90493209,38.59899929,5.146533238,1.28663331,
2020-07-12 06:00:00+00,53.45211581,283.2962138,9.354120267,14.69933185,69.48775056,112.2494432,57.4610245,13.36302895,9.354120267,1.336302895
2020-07-12 07:00:00+00,44.60641399,453.9358601,32.79883382,40.67055394,120.6997085,215.1603499,59.03790087,10.49562682,1.311953353,2.623906706
2020-07-12 09:00:00+00,0,296.4705882,21.17647059,127.0588235,,84.70588235,42.35294118,42.35294118,,
2020-07-12 12:00:00+00,35.51569507,267.9820628,6.457399103,40.35874439,38.74439462,119.4618834,56.50224215,6.457399103,4.843049327,1.614349776
2020-07-12 13:00:00+00,0,500,0,,300,200,,,,
2020-07-12 14:00:00+00,21.04237701,385.7769118,22.79590843,91.18363371,101.7048222,120.9936678,63.12713103,7.01412567,1.753531417,
2020-07-12 15:00:00+00,41.06463878,424.3346008,69.80988593,28.74524715,94.4486692,225.8555133,60.22813688,13.68821293,,1.368821293
2020-07-12 16:00:00+00,58.86627907,465.6976744,62.79069767,26.1627907,134.7383721,234.1569767,60.1744186,5.23255814,1.308139535,1.308139535
2020-07-12 17:00:00+00,43.5742257,429.3342827,32.03987184,30.75827697,133.2858669,228.1238875,29.47668209,5.126379494,1.281594874,1.281594874
2020-07-12 18:00:00+00,33.8028169,340.6283857,20.80173348,19.50162514,98.80823402,175.5146262,36.40303359,2.600216685,1.300108342,
2020-07-12 19:00:00+00,26.31578947,194.7368421,5.263157895,15.78947368,52.63157895,115.7894737,10.52631579,,,
2020-07-12 20:00:00+00,0,0,0,,,,,,,
2020-07-12 21:00:00+00,0,0,0,,,,,,,
2020-07-12 22:00:00+00,0,0,0,,,,,,,
2020-07-12 23:00:00+00,0,0,0,,,,,,,
2020-07-13 00:00:00+00,0,0,0,,,,,,,
2020-07-13 01:00:00+00,0,0,0,,,,,,,
2020-07-13 02:00:00+00,0,0,0,,,,,,,
2020-07-13 03:00:00+00,0,0,0,,,,,,,
2020-07-13 04:00:00+00,34.3792633,203.8199181,39.29058663,24.55661664,61.39154161,73.66984993,29.46793997,,2.455661664,4.911323329
2020-07-13 05:00:00+00,62.97376093,413.2653061,83.96501458,23.61516035,94.4606414,173.1778426,95.77259475,10.49562682,3.935860058,5.247813411
2020-07-13 08:00:00+00,50.25203567,580.69019,128.4218689,265.2190772,152.1519969,104.691741,29.31368748,13.9588988,2.79177976,2.79177976
2020-07-13 09:00:00+00,48.3762598,698.7681971,98.09630459,196.1926092,272.7883539,178.7234043,30.90705487,1.343784994,8.062709966,1.343784994
2020-07-13 18:00:00+00,56.05772883,326.7755412,35.54880365,31.44701861,95.70831751,149.031523,36.91606532,4.101785036,4.101785036,4.101785036
2020-07-13 19:00:00+00,57.24381625,273.4982332,19.08127208,25.44169611,44.5229682,165.3710247,38.16254417,,,
2020-07-13 20:00:00+00,0,0,0,,,,,,,
2020-07-13 21:00:00+00,0,0,0,,,,,,,
2020-07-13 22:00:00+00,0,0,0,,,,,,,
2020-07-13 23:00:00+00,0,0,0,,,,,,,
2020-07-14 00:00:00+00,0,0,0,,,,,,,
2020-07-14 01:00:00+00,0,0,0,,,,,,,
2020-07-14 02:00:00+00,0,0,0,,,,,,,
2020-07-14 03:00:00+00,0,0,0,,,,,,,
2020-07-14 04:00:00+00,20.66326531,101.0204082,13.7755102,11.47959184,27.55102041,34.43877551,16.07142857,11.47959184,,
2020-07-14 05:00:00+00,21.12211221,168.9768977,36.96369637,10.56105611,47.52475248,84.48844884,19.8019802,,2.640264026,1.320132013
2020-07-14 06:00:00+00,50.86956522,289.5652174,22.17391304,16.95652174,76.95652174,142.173913,41.73913043,3.913043478,1.304347826,1.304347826
2020-07-14 07:00:00+00,53.81372173,460.8662323,45.53468762,63.47259486,166.9605213,161.4411652,51.05404369,5.519356075,4.139517056,2.759678038
2020-07-14 08:00:00+00,38.65030675,358.8957055,55.21472393,198.7730061,93.86503067,55.21472393,5.521472393,5.521472393,,
2020-07-14 09:00:00+00,77.67185148,518.4144506,55.99598595,142.6994481,180.6322127,148.1184145,14.45057702,7.22528851,7.22528851,1.806322127
2020-07-14 10:00:00+00,52.89403384,560.9973286,30.45414069,60.90828139,198.7533393,234.0160285,38.46838825,6.411398041,9.617097061,1.60284951
2020-07-14 11:00:00+00,46.88142563,488.553804,22.20699109,14.80466073,125.8396162,202.3303633,88.82796436,19.73954764,7.402330363,2.467443454
2020-07-14 12:00:00+00,52.21374046,480.9160305,24.73282443,46.71755725,115.4198473,195.1145038,71.45038168,19.23664122,19.23664122,5.496183206
2020-07-14 14:00:00+00,21.30177515,541.4201183,21.30177515,99.40828402,172.1893491,202.3668639,55.0295858,8.875739645,,
2020-07-15 00:00:00+00,0,0,0,,,,,,,
2020-07-15 01:00:00+00,0,0,0,,,,,,,
2020-07-15 02:00:00+00,0,0,0,,,,,,,
2020-07-15 03:00:00+00,0,0,0,,,,,,,
2020-07-15 04:00:00+00,44.52025586,233.347548,62.9424307,16.8869936,53.73134328,75.2238806,70.61833689,4.60554371,3.070362473,3.070362473
2020-07-15 05:00:00+00,86.79525223,558.1602374,73.4421365,37.38872404,128.189911,255.0445104,94.80712166,17.35905045,6.676557864,2.670623145
2020-07-15 06:00:00+00,138.1930981,657.4641334,54.43970531,106.0876309,216.3629314,247.0725087,60.02326483,9.771229159,5.583559519,4.187669639
2020-07-15 07:00:00+00,119.67149,643.4102464,57.72389519,123.8951897,215.408682,239.3429801,42.23699648,9.855299179,4.223699648,4.223699648
2020-07-15 08:00:00+00,57.29089563,418.3567728,51.96150999,211.8430792,91.93190229,79.9407846,23.98223538,3.99703923,,2.66469282
2020-07-15 10:00:00+00,59.81873112,630.81571,93.80664653,161.7824773,270.5438066,157.7039275,28.54984894,4.078549849,1.359516616,1.359516616
2020-07-15 11:00:00+00,91.62561576,756.6502463,57.63546798,162.5615764,234.9753695,249.7536946,44.33497537,25.12315271,17.73399015,7.389162562
2020-07-15 12:00:00+00,101.1547344,713.6258661,70.66974596,196.7667436,267.4364896,164.8960739,49.88452656,15.24249423,5.542725173,4.15704388
2020-07-15 13:00:00+00,83.43465046,689.3617021,103.9513678,164.1337386,263.9817629,198.3282675,43.76899696,6.838905775,4.103343465,1.367781155
2020-07-15 14:00:00+00,146.2788708,518.905047,121.6424294,209.4097519,201.710864,73.90932421,20.01710864,9.238665526,,1.539777588
2020-07-15 15:00:00+00,137.5796178,613.3757962,123.2484076,197.7707006,286.6242038,100.3184713,20.06369427,,2.866242038,2.866242038
2020-07-15 16:00:00+00,107.720724,655.6335427,87.77244182,130.3287772,259.327669,206.1322497,38.56667898,9.309198375,3.989656446,1.329885482
2020-07-15 17:00:00+00,79.49101796,559.1317365,72.75449102,91.61676647,230.3892216,196.7065868,24.25149701,4.041916168,1.347305389,4.041916168
2020-07-15 20:00:00+00,0,0,0,,,,,,,
2020-07-09 01:00:00+00,0,0,0,,,,,,,
2020-07-09 02:00:00+00,0,0,0,,,,,,,
2020-07-09 03:00:00+00,0,0,0,,,,,,,
2020-07-09 05:00:00+00,92.13649852,498.0712166,80.11869436,70.77151335,125.5192878,213.6498516,62.75964392,12.01780415,8.011869436,2.670623145
2020-07-09 06:00:00+00,117.8773052,600.2258186,51.48663907,124.651863,195.1072638,199.1719985,60.97101995,1.354911554,6.774557772,4.064734663
2020-07-09 07:00:00+00,150.7491356,648.636189,66.38494045,153.5151748,250.3265463,185.3246254,33.19247023,9.681137149,2.766039186,8.298117557
2020-07-09 08:00:00+00,64.85243388,361.5178229,70.37178996,200.0766577,75.89114603,49.67420468,13.79839019,8.279034113,5.519356075,2.759678038
2020-07-09 09:00:00+00,87.60456274,347.6806084,75.2851711,199.8479087,109.5057034,27.37642586,6.844106464,,,2.737642586
2020-07-09 10:00:00+00,65.62856058,631.6748956,68.36308393,190.0493733,243.3725788,143.5624763,31.44701861,12.30535511,2.734523357,5.469046715
2020-07-09 11:00:00+00,40.67055394,694.0233236,68.22157434,111.516035,241.3994169,263.7026239,49.85422741,13.11953353,2.623906706,5.247813411
2020-07-09 12:00:00+00,59.39086294,591.6243655,54.82233503,219.2893401,132.4873096,191.8781726,36.54822335,6.852791878,2.284263959,
2020-07-09 13:00:00+00,77.47680891,522.3005566,24.0445269,181.6697588,146.9387755,138.9239332,34.7309833,6.67903525,2.6716141,2.6716141
2020-07-10 09:00:00+00,79.46127946,538.7205387,122.5589226,270.7070707,215.4882155,47.13804714,,,1.346801347,1.346801347
2020-07-10 10:00:00+00,72.16035635,628.596882,101.0244989,144.3207127,283.830735,160.3563474,24.05345212,8.017817372,3.207126949,
2020-07-10 12:00:00+00,47.75086505,529.4117647,51.90311419,207.6124567,145.3287197,124.567474,29.06574394,6.228373702,2.076124567,
2020-07-10 13:00:00+00,116.3375224,581.6876122,96.94793537,168.043088,226.2118492,148.6535009,19.38958707,,6.463195691,
2020-07-10 14:00:00+00,136.9491525,622.3728814,100.3389831,177.6271186,271.1864407,131.5254237,31.18644068,4.06779661,,1.355932203
2020-07-10 15:00:00+00,121.986908,611.3207547,128.9179823,227.3392376,248.1324605,108.1247593,22.17943781,1.386214863,2.772429727,1.386214863
2020-07-10 16:00:00+00,106.2730627,645.6088561,85.01845018,166.0516605,240.4428044,199.2619926,23.91143911,5.313653137,,2.656826568
2020-07-10 17:00:00+00,72,521.5609756,87.80487805,96.58536585,223.0243902,175.6097561,10.53658537,1.756097561,3.512195122,3.512195122
2020-07-10 18:00:00+00,66.10356225,469.335292,48.91663606,37.01799486,198.3106867,199.632758,19.83106867,3.966213735,2.64414249,1.322071245
2020-07-10 19:00:00+00,33.14917127,377.9005525,26.51933702,19.88950276,119.3370166,192.2651934,46.40883978,,,
2020-07-11 15:00:00+00,92.0259443,535.6734071,178.5578024,114.0022892,240.3662724,155.2079359,19.22930179,4.12056467,,
2020-07-11 16:00:00+00,119.6896934,512.0059106,107.720724,82.45289989,264.6472109,142.2977466,14.6287403,,1.329885482,
2020-07-11 17:00:00+00,78.47800238,555.0535077,75.62425684,81.33174792,239.7146254,185.4934602,34.24494649,4.280618312,4.280618312,1.426872771
2020-07-11 18:00:00+00,47.03832753,335.5400697,50.17421603,31.35888502,112.8919861,153.6585366,25.08710801,6.271777003,3.135888502,
2020-07-11 19:00:00+00,0,0,0,,,,,,,
2020-07-11 20:00:00+00,0,0,0,,,,,,,
2020-07-11 21:00:00+00,0,0,0,,,,,,,
2020-07-11 22:00:00+00,0,0,0,,,,,,,
2020-07-11 23:00:00+00,0,0,0,,,,,,,
2020-07-12 00:00:00+00,0,0,0,,,,,,,
2020-07-12 01:00:00+00,0,0,0,,,,,,,
2020-07-12 08:00:00+00,41.29141886,412.9141886,10.70518267,134.5794393,53.52591334,139.1673747,62.7017842,16.82242991,3.058623619,
2020-07-12 10:00:00+00,21.66064982,469.3140794,37.54512635,34.65703971,167.5090253,210.8303249,38.98916968,4.332129964,4.332129964,1.444043321
2020-07-12 11:00:00+00,17.93275218,295.890411,24.65753425,13.44956413,89.6637609,121.0460772,56.03985056,4.483188045,2.241594022,4.483188045
2020-07-13 06:00:00+00,57.24852071,536.5384615,94.52662722,53.25443787,170.4142012,231.6568047,50.59171598,15.97633136,3.99408284,2.662721893
2020-07-13 07:00:00+00,93.7056318,582.6786559,56.22337908,100.5205868,212.967345,192.5224799,42.593469,18.74112636,5.11121628,1.70373876
2020-07-13 10:00:00+00,65.50416983,645.4890068,79.15087187,114.6322972,221.0765732,249.7346475,39.57543594,6.823351024,1.364670205,1.364670205
2020-07-13 11:00:00+00,52.14953271,580.3738318,95.88785047,50.46728972,217.0093458,240.5607477,48.78504673,13.45794393,3.364485981,3.364485981
2020-07-13 12:00:00+00,56.46004481,650.6348021,122.3300971,87.37864078,274.2345034,239.2830471,34.95145631,9.410007468,2.688573562,
2020-07-13 13:00:00+00,57.70992366,699.389313,105.8015267,173.129771,311.9083969,186.870229,15.11450382,2.748091603,2.748091603,1.374045802
2020-07-13 14:00:00+00,102.4704619,738.5606874,88.93662728,199.1407089,315.1450054,162.406015,42.5349087,3.866809882,7.733619764,5.800214823
2020-07-13 15:00:00+00,87.63250883,725.0883392,100.3533569,195.0530035,357.5971731,141.3427562,18.3745583,8.480565371,,
2020-07-13 16:00:00+00,90.63309885,649.0929285,73.3061829,99.96297668,245.2425028,251.9067012,35.9866716,1.332839689,7.997038134,1.332839689
2020-07-13 17:00:00+00,71.28712871,574.2574257,60.72607261,55.44554455,174.2574257,267.9867987,56.76567657,10.56105611,1.320132013,2.640264026
2020-07-14 13:00:00+00,50.68191817,554.33348,33.2600088,44.3466784,152.0457545,261.3286406,77.6066872,4.751429828,6.335239771,4.751429828
2020-07-14 15:00:00+00,82.25437928,525.0571211,75.39984768,43.86900228,164.5087586,223.4577304,79.51256664,8.225437928,,1.370906321
2020-07-14 16:00:00+00,70.36872501,636.5171035,51.17725455,78.36517104,235.0955131,255.8862728,49.57796535,7.996446024,,3.19857841
2020-07-14 17:00:00+00,41.92139738,476.8558952,41.92139738,44.54148472,155.8951965,210.9170306,43.23144105,6.550218341,3.930131004,5.240174672
2020-07-14 18:00:00+00,53.4375,309.375,22.5,32.34375,108.28125,135,18.28125,5.625,2.8125,1.40625
2020-07-14 19:00:00+00,54.23728814,277.9661017,13.55932203,20.33898305,67.79661017,115.2542373,54.23728814,13.55932203,6.779661017,
2020-07-14 20:00:00+00,0,0,0,,,,,,,
2020-07-14 21:00:00+00,0,0,0,,,,,,,
2020-07-14 22:00:00+00,0,0,0,,,,,,,
2020-07-14 23:00:00+00,0,0,0,,,,,,,
2020-07-15 09:00:00+00,72.76736494,481.5876516,107.1664829,255.3472988,132.3042999,75.41345094,7.938257993,,1.323042999,2.646085998
2020-07-15 18:00:00+00,36.88868188,373.9170936,51.97950629,57.00978109,150.9082441,142.5244527,15.09082441,3.353516535,,5.030274802
2020-07-15 19:00:00+00,35.17915309,304.8859935,11.72638436,5.863192182,111.4006515,128.990228,41.04234528,5.863192182,5.863192182,
2020-07-16 00:00:00+00,0,0,0,,,,,,,
2020-07-16 06:00:00+00,78.02690583,546.1883408,64.57399103,99.55156951,196.4125561,199.103139,36.32286996,4.035874439,1.34529148,
2020-07-16 07:00:00+00,115.8213475,564.1180924,58.59197578,164.8750946,230.2800908,143.0734292,13.62604088,6.813020439,,
2020-07-16 08:00:00+00,82.31707317,288.1097561,78.20121951,144.054878,64.48170732,53.50609756,10.97560976,5.487804878,2.743902439,
2020-07-16 16:00:00+00,142.0118343,653.2544379,99.40828402,170.4142012,333.7278107,106.5088757,35.50295858,,,
2020-07-16 17:00:00+00,0,0,0,,,,,,,
2020-07-16 18:00:00+00,0,0,0,,,,,,,
2020-07-16 19:00:00+00,19.56521739,273.9130435,0,,156.5217391,39.13043478,58.69565217,,,
2020-07-16 20:00:00+00,0,0,0,,,,,,,
2020-07-16 21:00:00+00,0,0,0,,,,,,,
2020-07-16 22:00:00+00,0,0,0,,,,,,,
2020-07-16 23:00:00+00,0,0,0,,,,,,,
2020-07-17 00:00:00+00,0,0,0,,,,,,,
2020-07-17 01:00:00+00,0,0,0,,,,,,,
2020-07-17 02:00:00+00,0,0,0,,,,,,,
2020-07-17 03:00:00+00,0,0,0,,,,,,,
2020-07-17 04:00:00+00,25.93220339,222.7118644,57.96610169,25.93220339,71.69491525,64.06779661,41.18644068,10.6779661,,4.576271186
2020-07-17 05:00:00+00,74.61139896,483.6417469,89.26720947,27.97927461,119.9111769,217.1724648,78.60843819,14.65581051,7.99407846,6.66173205
2020-07-17 06:00:00+00,102.7381411,658.0794447,49.98071732,80.52448901,177.7092171,283.2240648,90.24296182,15.27188585,6.941766294,2.776706518
2020-07-17 07:00:00+00,102.4667932,609.3358634,75.14231499,128.4250474,232.2580645,180.341556,40.98671727,15.028463,2.732447818,6.831119545
2020-07-17 08:00:00+00,56.04151223,402.9651594,58.71015567,184.1363973,98.73980726,96.07116383,13.3432172,1.33432172,,1.33432172
2020-07-17 09:00:00+00,85.21536671,592.3166473,122.9336438,261.233993,220.7217695,67.05471478,19.55762515,8.381839348,2.793946449,1.396973225
2020-07-17 10:00:00+00,45.05928854,621.3438735,71.14624506,120.9486166,215.8102767,201.5810277,47.43083004,14.22924901,4.743083004,
2020-07-17 12:00:00+00,50.46728972,635.8878505,37.00934579,148.0373832,168.2242991,248.9719626,53.8317757,3.364485981,,3.364485981
2020-07-17 19:00:00+00,0,0,0,,,,,,,
2020-07-17 20:00:00+00,0,0,0,,,,,,,
2020-07-17 22:00:00+00,0,0,0,,,,,,,
2020-07-17 23:00:00+00,0,0,0,,,,,,,
2020-07-18 00:00:00+00,0,0,0,,,,,,,
2020-07-18 01:00:00+00,0,0,0,,,,,,,
2020-07-18 02:00:00+00,0,0,0,,,,,,,
2020-07-18 03:00:00+00,0,0,0,,,,,,,
2020-07-18 04:00:00+00,13.36426914,141.9953596,46.774942,10.02320186,45.10440835,40.09280742,41.76334107,3.341067285,,
2020-07-18 05:00:00+00,24.47227191,230.5545617,43.79248658,18.03220036,63.11270125,95.31305903,46.36851521,5.152057245,,
2020-07-18 06:00:00+00,42.24422442,440.9240924,55.44554455,26.40264026,149.1749175,191.4191419,60.72607261,9.240924092,1.320132013,2.640264026
2020-07-18 07:00:00+00,95.69069674,635.0382602,40.59605316,113.0890052,195.7309706,226.1780105,65.24365687,13.04873137,8.699154249,8.699154249
2020-07-18 08:00:00+00,87.68149883,741.9203747,128.1498829,273.1615925,219.2037471,160.1873536,40.46838407,16.8618267,5.058548009,6.744730679
2020-07-18 09:00:00+00,80.27144935,589.8206495,113.427048,230.344159,232.0891905,82.01648085,17.45031508,12.21522055,3.490063015,6.98012603
2020-07-18 10:00:00+00,64.97560976,686.6341463,72,194.9268293,224.7804878,193.1707317,33.36585366,12.29268293,8.780487805,8.780487805
2020-07-18 11:00:00+00,67.06181202,643.1837426,42.67569856,79.25486876,196.6130398,243.8611346,91.44792549,12.19305673,3.048264183,7.620660457
2020-07-18 12:00:00+00,71.96937473,718.162484,79.6256912,124.0323267,263.3772863,261.846023,45.93789877,6.125053169,3.062526584,6.125053169
2020-07-18 13:00:00+00,75,635.4545455,62.72727273,130.9090909,297.2727273,156.8181818,31.36363636,8.181818182,1.363636364,2.727272727
2020-07-18 14:00:00+00,71.86180422,729.6737044,55.27831094,186.5642994,315.0863724,172.7447217,29.02111324,9.673704415,8.291746641,4.145873321
2020-07-18 19:00:00+00,0,0,0,,,,,,,
2020-07-19 04:00:00+00,9.298321136,92.98321136,17.04692208,10.84804133,30.99440379,29.4446836,15.49720189,,1.549720189,
2020-07-19 05:00:00+00,15.20056298,126.6713582,15.20056298,11.40042224,35.4679803,54.46868403,20.26741731,2.533427164,1.266713582,
2020-07-19 06:00:00+00,40.85106383,250.212766,15.31914894,14.04255319,74.04255319,121.2765957,29.36170213,3.829787234,2.553191489,2.553191489
2020-07-19 07:00:00+00,44.03261675,405.6338028,36.02668643,61.37879911,124.0919199,166.790215,38.69532987,5.337286879,1.33432172,2.66864344
2020-07-19 14:00:00+00,37.5,429,30,109.5,111,138,66,3,,
2020-07-19 15:00:00+00,49.51672862,461.7100372,72.26765799,36.133829,149.8884758,212.7881041,50.85501859,12.04460967,,
2020-07-19 16:00:00+00,61.41560799,488.7114338,56.18874773,41.81488203,194.7005445,211.6878403,30.05444646,3.920145191,2.613430127,1.306715064
2020-07-19 17:00:00+00,69.08037654,398.8414193,40.40550326,29.97827661,112.0926865,203.3309196,43.01230992,3.910209993,2.606806662,1.303403331
2020-07-19 18:00:00+00,41.58844765,311.9133574,22.09386282,18.19494585,102.6714801,157.2563177,24.69314079,5.198555957,1.299638989,2.599277978
2020-07-19 19:00:00+00,32.14285714,289.2857143,6.428571429,12.85714286,96.42857143,141.4285714,38.57142857,,,
2020-07-19 20:00:00+00,0,0,0,,,,,,,
2020-07-19 21:00:00+00,0,0,0,,,,,,,
2020-07-19 22:00:00+00,0,0,0,,,,,,,
2020-07-19 23:00:00+00,0,0,0,,,,,,,
2020-07-20 00:00:00+00,0,0,0,,,,,,,
2020-07-20 01:00:00+00,0,0,0,,,,,,,
2020-07-20 02:00:00+00,0,0,0,,,,,,,
2020-07-20 03:00:00+00,0,0,0,,,,,,,
2020-07-20 04:00:00+00,31.31868132,262.0879121,52.74725275,23.07692308,69.23076923,117.032967,37.91208791,6.593406593,3.296703297,1.648351648
2020-07-20 05:00:00+00,69.02654867,533.6283186,98.2300885,31.85840708,130.0884956,249.5575221,88.9380531,14.60176991,9.292035398,3.982300885
2020-07-20 06:00:00+00,122.9199372,662.6373626,62.16640502,97.48822606,154.0031397,247.2527473,113.0298273,22.60596546,9.89010989,2.825745683
2020-07-20 10:00:00+00,81.39931741,712.6279863,61.4334471,96.75767918,277.9863481,251.8771331,44.53924915,15.35836177,7.679180887,6.14334471
2020-07-20 11:00:00+00,74.28807264,600.2476269,63.88774247,123.3182006,203.549319,178.2913743,41.60132068,25.2579447,7.428807264,10.40033017
2020-07-20 12:00:00+00,21.86550976,641.9088937,46.85466377,187.4186551,188.9804772,188.9804772,46.85466377,7.809110629,7.809110629,7.809110629
2020-07-20 21:00:00+00,0,0,0,,,,,,,
2020-07-20 23:00:00+00,0,0,0,,,,,,,
2020-07-21 00:00:00+00,0,0,0,,,,,,,
2020-07-21 01:00:00+00,0,0,0,,,,,,,
2020-07-21 02:00:00+00,0,0,0,,,,,,,
2020-07-21 03:00:00+00,0,0,0,,,,,,,
2020-07-21 04:00:00+00,14.82243953,263.0983016,33.35048893,25.93926917,85.22902728,79.67061245,50.0257334,11.11682964,3.705609882,5.558414822
2020-07-21 05:00:00+00,41.55844156,544.1558442,74.02597403,70.12987013,102.5974026,257.1428571,80.51948052,16.88311688,6.493506494,1.298701299
2020-07-21 06:00:00+00,25.15630747,463.4056638,35.74843693,52.9606473,100.6252299,185.3622655,83.41301949,17.21221037,9.268113277,5.29606473
2020-07-21 07:00:00+00,28.81047654,417.7519098,14.40523827,41.90614769,66.78792288,179.4106948,102.146235,17.0243725,3.928701346,3.928701346
2020-07-21 08:00:00+00,31.83492999,385.9985262,6.632277082,42.44657332,92.85187915,171.1127487,61.01694915,13.26455416,1.326455416,
2020-07-21 09:00:00+00,27.40123233,395.3606379,9.13374411,39.14461762,87.42297934,170.9314969,61.3265676,22.18194998,3.914461762,3.914461762
2020-07-21 10:00:00+00,15.81259151,187.1156662,0,50.07320644,34.26061493,65.88579795,26.35431918,7.906295754,2.635431918,
2020-07-21 11:00:00+00,8.342989571,381.6917729,10.42873696,60.48667439,43.80069525,141.8308227,93.85863268,31.28621089,4.171494786,2.085747393
2020-07-21 12:00:00+00,27.7992278,422.2007722,10.42471042,57.33590734,90.34749035,142.4710425,93.82239382,27.7992278,3.474903475,
2020-07-21 13:00:00+00,26.49981597,453.1468531,9.274935591,42.39970556,67.57453073,186.8237026,116.5991903,27.82480677,5.299963195,3.974972396
2020-07-21 14:00:00+00,35.44112079,370.7686482,6.815600151,31.3517607,64.06664142,119.9545627,89.965922,28.62552064,12.26808027,10.90496024
2020-07-21 15:00:00+00,6.931074317,379.8228725,1.386214863,31.88294186,38.81401617,77.62803235,79.01424721,70.69695803,29.11051213,23.56565268
2020-07-16 01:00:00+00,0,0,0,,,,,,,
2020-07-16 02:00:00+00,0,0,0,,,,,,,
2020-07-16 03:00:00+00,0,0,0,,,,,,,
2020-07-16 04:00:00+00,37.63721903,248.4056456,63.98327235,18.81860951,71.51071615,94.09304757,37.63721903,7.527443806,3.763721903,1.881860951
2020-07-21 19:00:00+00,0,112.3404255,5.106382979,5.106382979,25.53191489,35.74468085,30.63829787,15.31914894,,
2020-07-21 20:00:00+00,0,0,0,,,,,,,
2020-07-21 21:00:00+00,0,0,0,,,,,,,
2020-07-21 22:00:00+00,0,0,0,,,,,,,
2020-07-21 23:00:00+00,0,0,0,,,,,,,
2020-07-22 00:00:00+00,0,0,0,,,,,,,
2020-07-22 01:00:00+00,0,0,0,,,,,,,
2020-07-22 02:00:00+00,0,0,0,,,,,,,
2020-07-22 05:00:00+00,16.88311688,331.1688312,12.98701299,15.58441558,22.07792208,62.33766234,123.3766234,53.24675325,33.76623377,9.090909091
2020-07-22 06:00:00+00,12.97297297,321.7297297,9.081081081,10.37837838,27.24324324,48,84.32432432,76.54054054,51.89189189,12.97297297
2020-07-22 07:00:00+00,10.24182077,317.4964438,12.80227596,33.2859175,38.40682788,46.08819346,58.89046942,76.81365576,30.7254623,10.24182077
2020-07-22 08:00:00+00,13.12072893,405.1025057,11.48063781,34.44191344,55.76309795,111.5261959,113.166287,52.48291572,18.04100228,13.12072893
2020-07-22 15:00:00+00,13.71801851,417.419706,3.91943386,47.03320631,78.38867719,115.6232989,90.14697877,37.23462167,21.55688623,3.91943386
2020-07-22 16:00:00+00,16.68984701,443.9499305,5.006954103,30.04172462,56.74547983,136.8567455,156.8845619,50.06954103,11.68289291,
2020-07-22 17:00:00+00,11.36094675,383.4319527,8.520710059,9.940828402,21.30177515,149.112426,137.7514793,53.96449704,5.680473373,1.420118343
2020-07-22 18:00:00+00,7.797833935,213.1407942,2.599277978,2.599277978,12.99638989,61.08303249,96.1732852,27.29241877,7.797833935,
2020-07-22 19:00:00+00,0,152.920354,0,,12.74336283,25.48672566,89.20353982,12.74336283,12.74336283,
2020-07-22 20:00:00+00,0,0,0,,,,,,,
2020-07-22 21:00:00+00,0,0,0,,,,,,,
2020-07-22 22:00:00+00,0,0,0,,,,,,,
2020-07-22 23:00:00+00,0,0,0,,,,,,,
2020-07-16 05:00:00+00,80.82443872,551.1961722,87.44939271,71.54950313,120.5741627,231.8733898,91.42436511,13.24990799,5.299963195,1.324990799
2020-07-16 09:00:00+00,72.7966425,472.4914155,72.7966425,304.9217856,123.6169401,26.09690958,5.494086227,4.12056467,2.747043113,
2020-07-16 10:00:00+00,91.08761329,569.6374622,84.29003021,193.0513595,198.489426,144.1087613,19.03323263,8.157099698,2.719033233,
2020-07-16 11:00:00+00,60.77170418,625.0803859,75.24115756,104.1800643,227.170418,201.1254019,72.34726688,7.234726688,2.893890675,4.340836013
2020-07-16 12:00:00+00,45.11278195,526.9172932,57.7443609,171.4285714,155.1879699,140.7518797,28.87218045,10.82706767,5.413533835,5.413533835
2020-07-16 13:00:00+00,73.55278093,645.6299659,98.07037457,170.261067,243.8138479,174.3473326,28.60385925,9.53461975,8.172531215,4.086265607
2020-07-16 14:00:00+00,147.5976938,904.0358744,62.26777707,313.6450993,408.1998719,142.9852659,29.98078155,2.306213965,4.612427931,
2020-07-16 15:00:00+00,117.0731707,563.4146341,109.7560976,87.80487805,241.4634146,226.8292683,,,,
2020-07-17 11:00:00+00,62.89517471,736.7720466,52.41264559,131.7803661,220.1331115,289.0183028,55.40765391,14.9750416,5.990016639,10.48252912
2020-07-17 13:00:00+00,102.4182077,723.7553343,112.6600284,157.0412518,303.8406828,199.715505,30.7254623,15.36273115,5.120910384,3.413940256
2020-07-17 14:00:00+00,121.7881595,691.5827628,101.4901329,213.1292791,324.7684253,120.3383004,20.29802658,10.14901329,1.449859041,
2020-07-17 15:00:00+00,95.4650269,708.3781706,70.56110684,186.7794005,297.4634896,175.7109915,30.43812452,4.150653344,4.150653344,6.917755573
2020-07-17 16:00:00+00,90,655.9090909,98.18181818,140.4545455,302.7272727,180,17.72727273,5.454545455,1.363636364,4.090909091
2020-07-17 17:00:00+00,60.11131725,614.471243,69.4619666,74.80519481,245.7884972,236.4378479,38.73840445,9.350649351,4.00742115,1.33580705
2020-07-17 18:00:00+00,52.69645609,453.4668721,30.50847458,30.50847458,187.211094,176.1171032,40.21571649,4.160246533,4.160246533,4.160246533
2020-07-17 21:00:00+00,0,0,0,,,,,,,
2020-07-18 15:00:00+00,69.8630137,743.8356164,60.2739726,172.6027397,294.5205479,230.1369863,32.87671233,8.219178082,2.739726027,
2020-07-18 16:00:00+00,43.53741497,650.3401361,66.66666667,149.6598639,253.0612245,204.0816327,31.29251701,1.360544218,2.721088435,4.081632653
2020-07-18 17:00:00+00,67.53670473,643.0668842,44.045677,117.4551387,249.5921697,223.1647635,41.10929853,2.936378467,,1.468189233
2020-07-18 18:00:00+00,43.15292408,407.9912822,26.15328732,22.23029422,101.9978206,205.3033055,61.46022521,7.845986197,3.922993098,1.307664366
2020-07-18 20:00:00+00,0,0,0,,,,,,,
2020-07-18 21:00:00+00,0,0,0,,,,,,,
2020-07-18 22:00:00+00,0,0,0,,,,,,,
2020-07-18 23:00:00+00,0,0,0,,,,,,,
2020-07-19 00:00:00+00,0,0,0,,,,,,,
2020-07-19 01:00:00+00,0,0,0,,,,,,,
2020-07-19 02:00:00+00,0,0,0,,,,,,,
2020-07-19 03:00:00+00,0,0,0,,,,,,,
2020-07-19 08:00:00+00,58.71015567,543.06894,61.37879911,110.7487027,134.7664937,220.1630838,49.36990363,9.340252039,4.002965159,6.671608599
2020-07-19 09:00:00+00,83.07692308,614.1176471,34.2081448,162.8959276,236.199095,156.3800905,22.80542986,13.03167421,6.515837104,9.773755656
2020-07-19 10:00:00+00,41.8447694,507.5365579,44.54443195,66.14173228,206.5241845,190.3262092,32.39595051,5.399325084,,4.049493813
2020-07-19 11:00:00+00,39.21568627,324.1830065,11.76470588,31.37254902,105.8823529,129.4117647,39.21568627,6.535947712,5.22875817,1.307189542
2020-07-19 12:00:00+00,41.42259414,338.9121339,7.531380753,50.83682008,56.48535565,118.6192469,75.31380753,13.17991632,3.765690377,1.882845188
2020-07-19 13:00:00+00,29.14979757,408.097166,21.86234818,102.0242915,87.44939271,160.3238866,51.01214575,,7.287449393,
2020-07-20 07:00:00+00,138.225256,712.6279863,50.68259386,181.2286689,231.9112628,179.6928328,64.50511945,15.35836177,12.28668942,9.215017065
2020-07-20 08:00:00+00,41.67664671,525.988024,60.35928144,212.6946108,119.2814371,125.0299401,38.80239521,18.68263473,2.874251497,2.874251497
2020-07-20 09:00:00+00,46.99738903,695.5613577,79.89556136,202.0887728,305.4830287,155.0913838,18.79895561,9.399477807,,4.699738903
2020-07-20 13:00:00+00,65.08638007,565.5283246,11.57091201,176.4564082,133.0654881,164.8854962,37.60546404,27.48091603,8.67818401,4.339092005
2020-07-20 14:00:00+00,77.38853503,902.866242,0,269.4267516,252.2292994,266.5605096,83.12101911,8.598726115,2.866242038,8.598726115
2020-07-20 15:00:00+00,48.29721362,674.3034056,161.6099071,269.3498452,202.4767802,161.6099071,33.43653251,3.715170279,1.857585139,
2020-07-20 16:00:00+00,75.56435644,633.029703,118.3366337,178.2178218,215.2871287,182.4950495,31.36633663,14.25742574,2.851485149,2.851485149
2020-07-20 17:00:00+00,31.64835165,573.6263736,94.94505495,201.7582418,201.7582418,122.6373626,27.69230769,7.912087912,,3.956043956
2020-07-20 22:00:00+00,0,0,0,,,,,,,
2020-07-21 16:00:00+00,11.85770751,263.2411067,0,16.60079051,16.60079051,30.83003953,66.40316206,52.17391304,33.20158103,18.97233202
2020-07-21 17:00:00+00,8.619313647,359.1380686,8.619313647,17.23862729,22.98483639,97.68555467,117.7972865,67.5179569,21.54828412,5.746209098
2020-07-21 18:00:00+00,17.09276844,237.9839299,1.314828342,2.629656684,14.46311176,90.72315559,77.57487217,42.07450694,5.259313367,1.314828342
2020-07-22 03:00:00+00,0,0,0,,,,,,,
2020-07-22 04:00:00+00,10.97560976,130.1393728,10.97560976,10.97560976,18.81533101,31.35888502,40.76655052,17.24738676,6.271777003,3.135888502
2020-07-22 09:00:00+00,18.65975565,397.1862273,11.9955572,43.98370974,93.29877823,131.9511292,83.96890041,19.99259534,10.66271751,1.332839689
2020-07-22 10:00:00+00,17.23122239,380.4123711,3.976435935,62.29749632,79.5287187,119.2930781,90.13254786,19.88217968,5.30191458,1.325478645
2020-07-22 11:00:00+00,20.52953157,381.2627291,14.66395112,43.99185336,42.52545825,158.3706721,105.5804481,21.99592668,4.399185336,
2020-07-22 12:00:00+00,20.83936324,475.397974,7.814761216,13.02460203,54.70332851,217.5108538,139.3632417,31.25904486,5.20984081,2.604920405
2020-07-22 13:00:00+00,21.13761468,471.6330275,11.88990826,38.31192661,91.1559633,192.8807339,112.293578,23.77981651,2.642201835,5.28440367
2020-07-22 14:00:00+00,25.96810934,308.8838269,5.466970387,47.83599089,66.97038724,80.63781321,65.60364465,25.96810934,6.833712984,5.466970387
2020-07-23 00:00:00+00,0,0,0,,,,,,,
2020-07-23 01:00:00+00,0,0,0,,,,,,,
2020-07-23 02:00:00+00,0,0,0,,,,,,,
2020-07-23 03:00:00+00,0,0,0,,,,,,,
2020-07-23 04:00:00+00,1.807228916,126.5060241,7.228915663,12.65060241,5.421686747,30.72289157,45.18072289,23.4939759,5.421686747,
2020-07-23 05:00:00+00,10.2661597,366.1596958,11.97718631,10.2661597,27.37642586,107.7946768,164.2585551,34.22053232,11.97718631,5.133079848
2020-07-23 06:00:00+00,19.08368042,287.6183264,6.815600151,36.80424082,31.3517607,44.982961,46.34608103,49.07232109,34.07800076,21.80992048
2020-07-23 07:00:00+00,7.523510972,304.7021944,7.523510972,22.57053292,30.09404389,56.42633229,52.6645768,37.61755486,37.61755486,7.523510972
2020-07-23 11:00:00+00,29.12258867,78.40696951,8.960796515,33.60298693,20.16179216,13.44119477,4.480398258,4.480398258,2.240199129,
2020-07-23 12:00:00+00,30.10033445,428.9297659,9.030100334,31.60535117,61.70568562,189.632107,109.8662207,19.56521739,7.525083612,1.505016722
2020-07-23 13:00:00+00,19.02604757,191.619479,9.513023783,54.3601359,38.05209513,40.77010193,32.61608154,17.66704417,1.359003398,4.077010193
2020-07-23 14:00:00+00,23.1292517,93.87755102,10.88435374,9.523809524,12.24489796,27.21088435,27.21088435,6.802721088,9.523809524,1.360544218
2020-07-23 15:00:00+00,2.349869452,77.54569191,2.349869452,11.74934726,11.74934726,16.44908616,16.44908616,14.09921671,2.349869452,
2020-07-23 16:00:00+00,11.71207808,106.8727125,10.24806832,13.17608784,11.71207808,39.52826352,16.10410736,19.03212688,5.85603904,
2020-07-23 17:00:00+00,20.0818148,72.29453328,9.371513574,6.693938267,10.71030123,14.72666419,16.06545184,16.06545184,4.01636296,4.01636296
2020-07-23 18:00:00+00,16.00592812,34.67951093,5.335309374,2.667654687,4.00148203,5.335309374,12.00444609,6.669136717,2.667654687,1.333827343
2020-07-23 20:00:00+00,0,0,0,,,,,,,
2020-07-23 21:00:00+00,0,0,0,,,,,,,
2020-07-23 22:00:00+00,0,0,0,,,,,,,
2020-07-23 23:00:00+00,0,0,0,,,,,,,
2020-07-24 00:00:00+00,0,0,0,,,,,,,
2020-07-24 01:00:00+00,0,0,0,,,,,,,
2020-07-24 02:00:00+00,0,0,0,,,,,,,
2020-07-24 03:00:00+00,0,0,0,,,,,,,
2020-07-24 04:00:00+00,0,0,0,,,,,,,
2020-07-23 08:00:00+00,30.11406844,368.2129278,4.106463878,36.9581749,60.22813688,121.8250951,86.23574144,39.69581749,13.68821293,5.475285171
2020-07-23 09:00:00+00,21.84300341,330.3754266,5.460750853,36.86006826,73.72013652,114.6757679,57.33788396,25.93856655,5.460750853,4.09556314
2020-07-23 10:00:00+00,8.138658628,242.8033157,4.069329314,42.04973625,59.68349661,92.23813112,36.62396383,5.425772419,2.712886209,1.356443105
2020-07-23 19:00:00+00,0,25.29274005,0,,8.430913349,16.8618267,,,,
2020-08-03 08:00:00+00,5.200433369,44.20368364,0,16.90140845,11.70097508,3.900325027,2.600216685,2.600216685,3.900325027,
2020-08-03 09:00:00+00,6.23556582,118.4757506,0,22.86374134,31.1778291,18.70669746,24.94226328,12.47113164,4.15704388,
2020-08-04 01:00:00+00,0,0,0,,,,,,,
2020-08-04 02:00:00+00,0,0,0,,,,,,,
2020-08-04 03:00:00+00,0,0,0,,,,,,,
2020-08-04 04:00:00+00,3.817603393,53.44644751,3.817603393,11.45281018,7.635206787,7.635206787,11.45281018,11.45281018,,3.817603393
2020-08-04 09:00:00+00,16.60261337,51.19139124,0,23.52036895,12.45196003,6.917755573,2.767102229,1.383551115,2.767102229,
2020-08-04 10:00:00+00,13.89424932,58.35584716,0,29.17792358,19.45194905,9.725974527,,,,
2020-08-04 11:00:00+00,0,43.43163539,0,21.71581769,4.825737265,,9.651474531,2.412868633,2.412868633,2.412868633
2020-08-04 12:00:00+00,6.976744186,26.51162791,0,8.372093023,8.372093023,5.581395349,,2.790697674,1.395348837,
2020-08-04 13:00:00+00,50.44247788,38.49557522,0,13.27433628,11.94690265,10.61946903,1.327433628,,,
2020-08-04 14:00:00+00,30.95327103,26.91588785,0,6.728971963,6.728971963,1.345794393,5.38317757,2.691588785,2.691588785,
2020-08-04 15:00:00+00,1.324990799,21.19985278,0,9.274935591,3.974972396,1.324990799,2.649981597,2.649981597,1.324990799,
2020-08-03 18:00:00+00,4.838709677,62.90322581,0,4.838709677,,19.35483871,9.677419355,19.35483871,9.677419355,
2020-08-03 19:00:00+00,0,0,0,,,,,,,
2020-08-03 20:00:00+00,0,0,0,,,,,,,
2020-08-03 21:00:00+00,0,0,0,,,,,,,
2020-08-03 22:00:00+00,0,0,0,,,,,,,
2020-08-03 23:00:00+00,0,0,0,,,,,,,
2020-08-04 00:00:00+00,0,0,0,,,,,,,
2020-08-04 05:00:00+00,5.177993528,99.6763754,0,19.41747573,14.2394822,18.12297735,16.82847896,23.30097087,7.766990291,
2020-08-04 06:00:00+00,19.60784314,56.20915033,0,7.843137255,13.07189542,7.843137255,10.45751634,5.22875817,6.535947712,1.307189542
2020-08-04 07:00:00+00,9.333333333,38.66666667,0,18.66666667,9.333333333,4,1.333333333,,2.666666667,
2020-08-04 08:00:00+00,33.18872017,37.09327549,1.952277657,21.47505423,5.856832972,3.904555315,3.904555315,,,1.952277657
2020-08-03 06:00:00+00,14.80263158,337.5,5.921052632,11.84210526,38.48684211,68.09210526,145.0657895,47.36842105,20.72368421,2.960526316
2020-08-03 07:00:00+00,9.347181009,66.76557864,4.005934718,17.35905045,9.347181009,16.02373887,12.01780415,6.676557864,1.335311573,2.670623145
2020-08-03 10:00:00+00,5.827600162,101.9830028,0,17.48280049,10.19830028,27.68110077,29.13800081,10.19830028,7.284500202,
2020-08-03 11:00:00+00,18.50533808,89.6797153,0,12.8113879,9.964412811,25.6227758,18.50533808,17.08185053,4.270462633,
2020-08-05 05:00:00+00,10.15156856,39.33732816,0,16.49629891,8.882622489,5.075784279,2.53789214,,2.53789214,1.26894607
2020-08-05 06:00:00+00,1.364670205,50.49279757,0,16.37604246,6.823351024,12.28203184,2.729340409,4.094010614,4.094010614,2.729340409
2020-08-05 10:00:00+00,9.378489021,53.59136584,0,21.43654633,13.39784146,10.71827317,8.038704875,,,
2020-08-05 11:00:00+00,21.4200714,49.9801666,0,15.70805236,4.28401428,7.1400238,12.85204284,1.42800476,1.42800476,5.71201904
2020-08-05 12:00:00+00,14.52145215,43.56435644,0,18.48184818,7.920792079,7.920792079,2.640264026,1.320132013,2.640264026,1.320132013
2020-08-05 13:00:00+00,31.34978229,36.57474601,0,15.67489115,9.143686502,5.224963716,3.918722787,1.306240929,,
2020-08-05 14:00:00+00,14.5802651,27.83505155,0,11.92930781,10.60382916,2.65095729,2.65095729,,,
2020-08-05 15:00:00+00,0,17.72727273,0,8.181818182,4.090909091,1.363636364,,2.727272727,1.363636364,
2020-08-05 16:00:00+00,0,16.01016518,0,6.861499365,,9.14866582,,,,
2020-08-05 17:00:00+00,0,16.42585551,0,10.95057034,,2.737642586,1.368821293,,,
2020-08-05 20:00:00+00,0,0,0,,,,,,,
2020-08-03 12:00:00+00,13.39784146,131.2988463,0,25.45589877,24.11611463,25.45589877,36.17417194,18.75697804,,1.339784146
2020-08-03 13:00:00+00,36.3500374,119.8204936,0,21.5407629,20.19446522,33.65744203,22.88706058,17.50186986,2.692595363,
2020-08-05 00:00:00+00,0,0,0,,,,,,,
2020-08-05 01:00:00+00,0,0,0,,,,,,,
2020-08-05 02:00:00+00,0,0,0,,,,,,,
2020-08-05 21:00:00+00,0,0,0,,,,,,,
2020-08-05 22:00:00+00,0,0,0,,,,,,,
2020-08-05 23:00:00+00,0,0,0,,,,,,,
2020-08-05 03:00:00+00,0,0,0,,,,,,,
2020-08-05 04:00:00+00,2.501737318,35.02432245,0,12.50868659,12.50868659,7.505211953,,,,2.501737318
2020-08-03 14:00:00+00,15.20153551,87.06333973,0,22.11132438,9.673704415,19.34740883,23.49328215,9.673704415,,1.381957774
2020-08-03 15:00:00+00,2.710843373,93.52409639,0,13.55421687,9.487951807,24.39759036,23.04216867,13.55421687,4.06626506,4.06626506
2020-08-03 16:00:00+00,0,62.02036022,0,19.73375098,8.457321848,5.638214565,14.09553641,5.638214565,8.457321848,
2020-08-03 17:00:00+00,6.831119545,90.17077799,0,19.12713472,4.098671727,23.22580645,19.12713472,17.76091082,6.831119545,
2020-08-04 16:00:00+00,3.483309144,29.60812772,0,24.38316401,,3.483309144,,,,
2020-08-04 17:00:00+00,8.487229862,16.97445972,0,7.072691552,2.829076621,2.829076621,1.41453831,1.41453831,,
2020-08-04 18:00:00+00,7.789397764,5.192931843,0,2.596465921,1.298232961,,1.298232961,,,
2020-08-04 19:00:00+00,0,0,0,,,,,,,
2020-08-04 20:00:00+00,0,0,0,,,,,,,
2020-08-04 21:00:00+00,0,0,0,,,,,,,
2020-08-04 22:00:00+00,0,0,0,,,,,,,
2020-08-04 23:00:00+00,0,0,0,,,,,,,
2020-08-05 07:00:00+00,2.862823062,52.96222664,0,21.47117296,17.17693837,5.725646123,1.431411531,2.862823062,1.431411531,2.862823062
2020-08-05 08:00:00+00,24.71042471,54.05405405,0,21.62162162,13.8996139,10.81081081,4.633204633,3.088803089,,
2020-08-05 09:00:00+00,18.41432225,60.50420168,0,19.72963098,18.41432225,11.83777859,1.315308732,5.261234929,1.315308732,1.315308732
2020-08-05 18:00:00+00,3.930131004,5.895196507,0,1.965065502,,,,1.965065502,1.965065502,
2020-08-05 19:00:00+00,0,0,0,,,,,,,
2020-08-06 00:00:00+00,0,0,0,,,,,,,
2020-08-06 01:00:00+00,0,0,0,,,,,,,
2020-08-06 02:00:00+00,0,0,0,,,,,,,
2020-08-06 03:00:00+00,0,0,0,,,,,,,
2020-08-06 04:00:00+00,2.576950608,30.9234073,0,12.88475304,7.730851825,10.30780243,,,,
2020-08-06 05:00:00+00,9.025787966,56.73352436,0,11.60458453,10.31518625,12.89398281,9.025787966,6.446991404,3.868194842,2.578796562
2020-08-06 06:00:00+00,9.667024705,52.2019334,0,15.46723953,7.733619764,11.60042965,5.800214823,5.800214823,3.866809882,
2020-08-06 07:00:00+00,5.091937765,52.61669024,0,25.45968883,13.57850071,10.18387553,1.697312588,,1.697312588,
2020-08-06 08:00:00+00,22.47992864,41.74843889,0,14.45138269,11.23996432,8.028545941,3.211418376,1.605709188,3.211418376,
2020-08-06 09:00:00+00,12.17129977,59.50413223,0,31.10443276,10.81893313,6.761833208,4.057099925,2.704733283,2.704733283,
2020-08-06 11:00:00+00,20.41884817,64.39790576,0,26.70157068,9.42408377,17.27748691,4.712041885,4.712041885,,1.570680628
2020-08-06 16:00:00+00,0,27.32447818,0,11.38519924,4.554079696,2.277039848,4.554079696,2.277039848,2.277039848,
2020-08-06 17:00:00+00,11.47018662,34.41055985,0,14.74738279,3.277196177,4.915794265,4.915794265,4.915794265,,
2020-08-06 18:00:00+00,8.330119553,12.49517933,0,5.553413035,1.388353259,2.776706518,,1.388353259,,
2020-08-06 19:00:00+00,0,0,0,,,,,,,
2020-08-06 20:00:00+00,0,0,0,,,,,,,
2020-08-06 21:00:00+00,0,0,0,,,,,,,
2020-08-06 22:00:00+00,0,0,0,,,,,,,
2020-08-06 23:00:00+00,0,0,0,,,,,,,
2020-08-07 00:00:00+00,0,0,0,,,,,,,
2020-08-07 03:00:00+00,0,0,0,,,,,,,
2020-08-07 04:00:00+00,0,18.88111888,0,12.58741259,,6.293706294,,,,
2020-08-07 05:00:00+00,5.117270789,43.49680171,0,16.63113006,12.79317697,7.675906183,2.558635394,1.279317697,1.279317697,1.279317697
2020-08-06 10:00:00+00,24.35174746,58.17361894,0,20.29312289,9.470124014,12.17587373,6.764374295,8.117249154,,
2020-08-07 01:00:00+00,0,0,0,,,,,,,
2020-08-07 02:00:00+00,0,0,0,,,,,,,
2020-08-07 11:00:00+00,16.38225256,61.4334471,0,12.28668942,8.19112628,12.28668942,16.38225256,6.14334471,4.09556314,
2020-08-07 12:00:00+00,19.57940537,70.48585932,0,33.93763597,14.3582306,9.137055838,6.526468455,3.915881073,2.610587382,
2020-08-07 13:00:00+00,36.40303359,52.00433369,0,18.20151679,13.00108342,14.30119177,3.900325027,1.300108342,,1.300108342
2020-08-07 14:00:00+00,13.34816463,34.70522803,0,13.34816463,2.669632925,6.674082314,5.339265851,2.669632925,,2.669632925
2020-08-06 12:00:00+00,20.75675676,40.21621622,0,18.16216216,6.486486486,7.783783784,3.891891892,3.891891892,,
2020-08-06 13:00:00+00,21.5085885,60.49290515,0,16.13144137,13.44286781,14.78715459,4.032860344,9.410007468,1.344286781,
2020-08-06 14:00:00+00,18.72213967,36.10698366,0,18.72213967,4.011887073,9.361069837,1.337295691,2.674591382,,
2020-08-06 15:00:00+00,1.333333333,29.33333333,0,12,1.333333333,5.333333333,5.333333333,1.333333333,,
2020-08-07 06:00:00+00,7.692307692,59.61538462,0,17.30769231,11.53846154,7.692307692,11.53846154,3.846153846,3.846153846,3.846153846
2020-08-07 07:00:00+00,8.098987627,76.94038245,0,28.34645669,16.19797525,16.19797525,12.14848144,,4.049493813,
2020-08-07 08:00:00+00,25.81801883,62.93142089,0,22.59076647,11.29538324,17.74988794,6.454504706,1.613626177,1.613626177,
2020-08-07 09:00:00+00,15.88235294,76.76470588,0,23.82352941,17.20588235,17.20588235,7.941176471,6.617647059,3.970588235,
2020-08-07 10:00:00+00,17.38484398,61.51560178,0,18.72213967,16.04754829,13.37295691,10.69836553,,2.674591382,
2020-08-07 15:00:00+00,1.320132013,25.08250825,0,7.920792079,,7.920792079,1.320132013,2.640264026,1.320132013,1.320132013
2020-08-07 16:00:00+00,0,27.81712814,0,16.22665808,,,2.318094012,2.318094012,4.636188023,
2020-08-07 17:00:00+00,6.050420168,38.31932773,0,24.20168067,4.033613445,,8.067226891,,,
2020-08-07 18:00:00+00,2.611534276,11.75190424,0,5.223068553,,1.305767138,2.611534276,,1.305767138,1.305767138
2020-08-07 19:00:00+00,0,0,0,,,,,,,
2020-08-07 20:00:00+00,0,0,0,,,,,,,
2020-08-07 21:00:00+00,0,0,0,,,,,,,
2020-08-07 22:00:00+00,0,0,0,,,,,,,
2020-08-07 23:00:00+00,0,0,0,,,,,,,
2020-08-08 00:00:00+00,0,0,0,,,,,,,
2020-08-08 01:00:00+00,0,0,0,,,,,,,
2020-08-08 02:00:00+00,0,0,0,,,,,,,
2020-08-08 03:00:00+00,0,0,0,,,,,,,
2020-08-08 04:00:00+00,0,15.69311247,0,6.277244987,3.138622493,,6.277244987,,,
2020-08-08 05:00:00+00,0,24.275118,0,9.710047202,9.710047202,2.4275118,2.4275118,,,
2020-08-08 06:00:00+00,1.882845188,18.82845188,0,9.414225941,1.882845188,3.765690377,,,,
2020-08-08 07:00:00+00,0,22.14411248,0,9.490333919,6.326889279,,3.16344464,3.16344464,,
2020-08-08 08:00:00+00,19.89735492,38.37347019,0,12.79115673,12.79115673,2.842479274,2.842479274,5.684958547,1.421239637,
2020-08-08 09:00:00+00,18.71518752,52.13516524,0,14.7047902,5.347196435,18.71518752,5.347196435,6.683995544,1.336799109,
2020-08-08 10:00:00+00,11.9955572,34.65383191,0,9.329877823,3.998519067,6.664198445,10.66271751,1.332839689,1.332839689,1.332839689
2020-08-08 11:00:00+00,10.94224924,27.3556231,0,15.04559271,1.367781155,5.47112462,2.73556231,2.73556231,,
2020-08-08 12:00:00+00,13.00578035,19.50867052,0,7.803468208,2.601156069,5.202312139,2.601156069,1.300578035,,
2020-08-08 13:00:00+00,22.08588957,15.5900397,0,7.795019848,2.598339949,1.299169975,,1.299169975,1.299169975,1.299169975
2020-08-08 14:00:00+00,14.6287403,25.26782416,0,10.63908386,2.659770964,5.319541928,6.64942741,,,
2020-08-08 15:00:00+00,2.665679378,22.65827471,0,9.329877823,6.664198445,3.998519067,,1.332839689,,1.332839689
2020-08-08 16:00:00+00,0,10.72226359,0,5.361131794,2.680565897,,2.680565897,,,
2020-08-08 17:00:00+00,12.20338983,17.62711864,0,9.491525424,,5.423728814,,1.355932203,,
2020-08-08 18:00:00+00,9.984152139,15.68938193,0,4.278922345,1.426307448,2.852614897,1.426307448,1.426307448,1.426307448,
2020-08-08 19:00:00+00,0,0,0,,,,,,,
2020-08-08 20:00:00+00,0,0,0,,,,,,,
2020-08-08 21:00:00+00,0,0,0,,,,,,,
2020-08-08 22:00:00+00,0,0,0,,,,,,,
2020-08-08 23:00:00+00,0,0,0,,,,,,,
2020-08-09 00:00:00+00,0,0,0,,,,,,,
2020-08-09 01:00:00+00,0,0,0,,,,,,,
2020-08-09 02:00:00+00,0,0,0,,,,,,,
2020-08-09 03:00:00+00,0,0,0,,,,,,,
2020-08-09 04:00:00+00,0,4.615384615,0,2.307692308,,2.307692308,,,,
2020-08-09 05:00:00+00,1.351351351,8.108108108,0,1.351351351,1.351351351,1.351351351,1.351351351,,1.351351351,
2020-08-09 06:00:00+00,5.042016807,3.361344538,0,,1.680672269,,,1.680672269,,
2020-08-09 07:00:00+00,0,0,0,,,,,,,
2020-08-09 08:00:00+00,7.947019868,10.59602649,0,1.324503311,2.649006623,1.324503311,2.649006623,,1.324503311,
2020-08-09 09:00:00+00,4.7829938,12.75465013,0,3.188662533,,4.7829938,3.188662533,1.594331267,,
2020-08-09 10:00:00+00,7.010710808,15.77409932,0,1.752677702,3.505355404,1.752677702,1.752677702,5.258033106,1.752677702,
2020-08-09 11:00:00+00,11.44674086,8.585055644,0,1.430842607,,5.723370429,,,1.430842607,
2020-08-09 12:00:00+00,16.36935992,12.59181532,0,5.036726128,,3.777544596,2.518363064,,1.259181532,
2020-08-09 13:00:00+00,0,12.8113879,0,3.84341637,,1.28113879,2.56227758,2.56227758,,
2020-08-09 14:00:00+00,1.31147541,10.49180328,0,5.245901639,,2.62295082,2.62295082,,,
2020-08-09 15:00:00+00,1.314348302,19.71522453,0,5.257393209,1.314348302,1.314348302,5.257393209,1.314348302,1.314348302,1.314348302
2020-08-09 16:00:00+00,5.240174672,40.61135371,2.620087336,17.03056769,2.620087336,1.310043668,9.170305677,3.930131004,,3.930131004
2020-08-09 17:00:00+00,6.528835691,22.19804135,0,7.834602829,1.305767138,6.528835691,2.611534276,,1.305767138,
2020-08-09 18:00:00+00,19.02017291,6.916426513,0,1.729106628,,,3.458213256,1.729106628,,
2020-08-09 19:00:00+00,0,0,0,,,,,,,
2020-08-09 20:00:00+00,0,0,0,,,,,,,
2020-08-09 21:00:00+00,0,0,0,,,,,,,
2020-08-09 22:00:00+00,0,0,0,,,,,,,
2020-08-09 23:00:00+00,0,0,0,,,,,,,
2020-08-10 00:00:00+00,0,0,0,,,,,,,
2020-08-10 01:00:00+00,0,0,0,,,,,,,
2020-08-10 02:00:00+00,0,0,0,,,,,,,
2020-08-10 03:00:00+00,0,0,0,,,,,,,
2020-08-10 04:00:00+00,0,31.98707593,0,8.723747981,14.53957997,2.907915994,2.907915994,,2.907915994,
2020-08-10 05:00:00+00,3.824362606,45.89235127,3.824362606,12.74787535,7.648725212,8.923512748,5.099150142,6.373937677,3.824362606,
2020-08-10 06:00:00+00,3.868194842,54.15472779,1.289398281,12.89398281,7.736389685,9.025787966,11.60458453,7.736389685,2.578796562,1.289398281
2020-08-10 07:00:00+00,0,84.90566038,0,12.73584906,25.47169811,12.73584906,21.22641509,8.490566038,4.245283019,
2020-08-10 08:00:00+00,8.250572956,53.62872422,2.750190985,17.87624141,9.625668449,13.75095493,6.875477464,2.750190985,2.750190985,
2020-08-10 09:00:00+00,5.217391304,49.56521739,2.608695652,14.34782609,9.130434783,13.04347826,10.43478261,2.608695652,,
2020-08-10 10:00:00+00,5.319541928,54.52530477,1.329885482,11.96896934,10.63908386,15.95862579,6.64942741,2.659770964,1.329885482,1.329885482
